	tweet	label	predictions
0	#حلب. الاسد و بوتين وايران وميلشيات YPG واحد	0	0
1	@nawaranegm المجلس العسكري تقريبا جاله اسهال اعلانات وبيانات   #مصر #مرسي #شفيق #تحرير #مقاطعون #egypt	1	1
2	أسماء زوجة الرئيس السوري بشار الأسد حامل بشهرها الخامس	0	0
3	القوات البحريه المصريه تطلق ثلاث صواريخ في الهواء بناء علي أوامر صدرت من الفريق (مهاب ممش) إحتفالآ برئيس مصر دكتور محمد مرسي   #Tahrir	1	1
4	خبروني اليوم بدو يحكي #بشار_الاسد كيف استعداداتكن المعنوية لتقبل كلامه ؟؟	0	1
5	يامكشوف عنك الحجاب..يامكشوف عنك البنطلون   #باسم_يوسف_ستايل	0	1
6	"بكرا إذا رح نحاكم بشار و أخوه بيطلع بشار ""مؤبد"" و تسقط التهم الموجهة لماهر :)"	1	1
7	#مداد_نيوز|| بعد أن كشف مؤامرتها ضد ليبيا، قطر تبحث عن سيف الإسلام القذافي لقتله #قطر #ليبيا #سيف_الإسلام_القذافي #تميم_بن_حمد #قطر_تدعم_الإرهاب #قطر_تمول_الإرهاب #تميم_يدعم_الإرهاب	0	0
8	مصدر دبلوماسي كويتي:الصواريخ لم تكن تستهدف ميناء مبارك!!!عيل كانت تستهدف بيت ابوي مثلا	1	1
9	احذر يا بشار ..فالأمة العربية إذا غضبت غردت بتويتر وغيرت بالبروفايل وقلبت بالصور!! #منقول #حقيقة	1	1
10	#أصوات | الرئيس الأميركي دونالد ترمب يطلب من احد أعضاء النظام المنهك والجائع في كوريا الشمالية ابلاغ كيم جونغ اون انه يملك زرا نوويا اكبر وأقوى من الزر على مكتب الرئيس الكوري الشمالي.. كما انه زر يعمل.	1	0
11	يااااي شو متوحش يا أردوغان !!   ،!!	1	1
12	@H_Mahran باسم يوسف دلوقت	0	0
13	  طب وبالنوسبة لشفيق باشا اللى مبارك ذات نفسه عينه رئيس وزراء؟ شغال؟بس الل تقول عليه اللجنة يمشى علينا وع اللى خلفونا وع اللى خلفناهم:(	1	1
14	اوباما ضغط الخليج  و المشكله الخليجين يعززونه  رتويت تكفى  @Brdcasts	1	0
15	الاسم : مرسي ، الوظيفة : حسني مبارك ، المغرد : مولانا ، المتوهق : بن مساعد ، القادح : يوسف الشريف ، اللهم لا شماته #السعودية #مصر	1	1
16	@WalaEdrees @yousef_nour @globalsudan البشير : أمرسي ما تيجي نرقص ! .. مرسي : احبيبي يا بشة	1	1
17	فؤاد الهاشم مُسْلِم ( خارج منطقة التغطية )  #شنودة   #مصر #كويت	1	1
18	#سامي_عنان حاول يرجع للواجهة بعد تلاتين يونيو لما أعلن قبل عزل مرسى عن إستقالته من منصبه كمستشار ليه مع إنه منصب شرفى. عنان كان جاد فى الترشح لإنتخابات الرئاسة فى ٢٠١٤ ومواجهة السيسى إلا إن الضغوط اللى تم ممارستها عليه وبالأخص من أعضاء المجلس العسكرى السابق أثنته عن الترشح.	0	0
19	@uae_3G لولا الحظ والحسابات الدوليه لم يكن لك شأن ولا بعد الف سنه لكن كان الوضع العالمي وفي غفلة من الزمن وجدت كيانات	0	0
20	#عاجل| #أردوغان: أود سؤال أمريكا التي تقول بأن عملية عفرين يجب أن تكون لمدة محددة، هل تحددت مدة بقائكم في أفغانستان؟ قبل وصولنا الحكم دخلتم العراق ومازلتم هناك	0	0
21	انا اللي خلاني انزل يوم 30 سبب طلع نافوخي ان الناس كانت بتقولي ان محمد مرسي رمز الاسلام وان بسقوطه هيسق الاسلام ناس	1	1
22	عنان: صدمت جراء تصعيد اعمال العنف في أنحاء سوريا  ليييييه؟؟ بقالك سنة عايش في المريخ ياعين أمك؟؟   #علاك #يقطع_عمرك_على_عمر_بشار	1	1
23	#الجريدة. «اقالة رئيس المخابرات المصري»  السيسي يكلف مدير مكتبه بتسيير «أعمال الجهاز»	0	0
24	بلد فيها البرادعى و حمدين و تلاقى مرسى رئيس جمهورية	1	1
25	دكتوراه في الفلسفه #مرسي لول	1	1
26	اللى يقولك سما المصري مع المعارضة قولله غادة عبد الرازق مع مرسي	1	1
27	دول ثوار ؟   محمد حبيب النائب السابق لمرشد الاخوان: مرسي اتفق مع عمر سليمان على الانسحاب من الميدان مقابل شرعية الجماعة!	1	1
28	#كيم_جونغ_أون لماذا لم يحظى ملف انتهاكات حقوق الانسان فى #كوريا_الشمالية باهتمام امريكا كما نظيره الشرق أوسطى	0	0
29	@naguib_elmasry: الحج #مرسي ابو دقن بكل حرسه خايف يروح رفح من الأسلامين وعايز #المسيحيين اللي #رفح مايخفوش ويقعدوا هناك  	1	1
30	إبنة نجيب محفوظ: قلادة النيل التي سلمها حسني مبارك لأبي “مغشوشة” وليست ذهب	0	0
31	"الكتائب الجهادية تقاتل في داخل سوريا لإسقاط بشار. ""والائتلاف السوري"" يبحث في الخارج عن خطة لنزع السلاح عنهم بعد سقوط بشار."	0	0
32	(السبئي) 81 % من الروس سينتخبون بوتين في الانتخابات الرئاسية المقبلة	0	0
33	ازا مبارك طلع براءة .. احتمال بشار يطلع من العشرة المبشرين بالجنة!!!	1	1
34	@i3atef: ‏بيان البيت الأبيض خلى من المكالمة المزعومة من أوباما لمرسي  معلش تلاقيه كلمه في السر على موبايله الصغنن إل قال عليه ده :D	1	1
35	عماد أديب بيقولك كتر الضرب بيؤدي إلى احتمال سقوط قنابل او رصاص في الفنادق مما يؤدي إلى التأثير ع السياحة... رد انت يا حسين #مصر #مرسي	1	1
36	@MGhRdShy #مرسي و #البحرين البلد النووي عباله نقل فعاليات المؤتمر بس في الراديو بلد   #طنبورها #Bahrain #GCC	1	1
37	ألطف حاجة ان بعد اسبوعين من رفض روسيا انها تدي مرسي قمح .. الاخوان أعلنوا الاكتفاء الذاتي !! #مصر #الجزيرة #العربية #Egypt	1	1
38	بشار الأسد: أوافق على التنحي و الامتثال للمحاكمة، لكن بشرط ان تكون امام القضاء المصري العادل.	1	0
39	  الاخوان تنخدع فى شبيه مرسى والشبيه يشتغل الاخوان :d	1	1
40	#عباس_كامل بإدارة شئون المخابرات العامة يارب تكون نهايتكم سوا ونفرح وننبسط ونبل الشربات #عباس_كامل	0	1
41	مبارك يغادر سجن طرة على متن مروحية الى مقر اقامته الجبرية بالقاهرة !!!!!!!!!	0	1
42	#코끝으로_자신의_닉네임을_쳐보자   معنى هاذ التاق يقول كيم جونغ اون اطلق صاروخ نووي واحتمال تندلع حرب عالميه	0	0
43	#مرسي هيقول مفاجأة النهاردة الخميس علشان #باسم_يوسف صور الحلقة امبارح :)) معقولة بقي فى   كدة يا #مصر ؟؟	1	1
44	#المزروعي موب هز قطر بس  الا هز تركيا بعد 😆  طميم ولد العايبه موزه لبس حفاظته وراح حق أردوغان يطلب منه نفي أي علاقه مشبوهه مع أمه موزه  😯   وعقبها بيتوجه لفرنسا يدور ساركوزي في البارات يطلب منه نفس الطلب  😅  ان تصل متأخرآ خير من ان لا تصل ابدآ  😩	1	0
45	#egypt باسم يوسف:الحقيقة برغم اختلافي مع الاخوان الا ان الواجب الانساني يحتم عليا اني اتضامن مع عصام العريان في الجو التلج ده.	1	0
46	"@CoreRepublic: أنا لسائق تاكسي: هتنتخب مين؟ هو: مرسي ، أنا: الاستبن؟! هو: يا بيه السواق ""الشاطر"" هو اللي يمشي معاه استبنه هاهاهاها"	1	1
47	#مع_هييه_الترفيه_اجازتنا_سعيده اي ترفيه 🤣🤣 كلها أغاني واختلاط ..؟ حتى بالترفيه معاقين ..؟ اهم شي يجمعون لهم شباب وبنات في مكان مختلط عشان يقول ترامب وايفانكا 🤙🤙😂😷	0	0
48	اعتقد ان المعارضة المصرية العظيمة سعيدة بقرار تنحي هيئة اعادة محاكمة #مبارك اعتقد يجب الافراج عن مبارك لينهي اخونة البلد   #مصر	1	1
49	#مبايعة_اردوعان_خليفة_للمسلمين نتمني مبابعة الرئيس التركي رجب طيب اردوغان خليفة للمسلمين وعلي السمع والطاعة هل من مبايع	0	0
50	#قطر قنوات عالميه كثيره حاولت منافسه قناه الجزيره وعجزت ..وتأتي الان قنوات صفويه وفلول لمنافسه الجزيره!!	1	0
51	#ماتنسوش - احنا نشيل مرسي وبعدين لو حصل حاجه اهو التحرير موجود	1	1
52	هههههههههههههههه ده انجليزي يا مرسي   #لوول	1	1
53	#المشهد_اليمني: لهذا السبب.. امر زعيم كوريا الشمالية ’’كيم جونغ أون’’ بإزالة صوره من بيوت المواطنين	0	0
54	#باسم_يوسف داري على إنجازاتك تقيد :D :D	1	1
55	#إخلاء_سبيل_حسني_مبارك الخائن والمفسد يبقى والشريف يهان   #مصر #السعودية #السيسي_الخائن	0	0
56	"#سبلة لان اليوم لي  ما يدوسوش فيه ارضنا #مكسب واليوم لي ما #يخشوش فيه بحرنا مكسب ""ﺍﻻﺥ ﻗﺎﺋﺪ ﺍﻟﺜﻮﺭﺓ ﻣﻌﻤﺮ ﺍﻟﻘﺬﺍﻓﻰ"""	0	0
57	#Tahrir انخفاض أعداد متظاهري التحرير والمرور يعود تدريجيًا للميدان...فين الملايين دول يا #صباحى اللى رافضين خطاب #مرسى يامنافين	1	1
58	عندي احساس ان لو طلعت عاهرة محترفة ومعاها رخصه دولية .. انتقدت السيسي الاعلام هيقنعكو انها ارهابية :D   :D	1	1
59	#أردوغان: سنرى جميعا أن تركيا ستقوم بكل ما يجب من دعم لمحاربة الإرهاب والقوات العراقية التي دربتها تركيا هي التي كانت في الصفوف الأمامية لمحاربة تنظيم داعش الإرهابي	0	0
60	اردوغان زودتها وفي الأخير على سوريا ألا تختبر صبرنا ..	1	0
61	#مرسى قال لو مليون نزلو ضدى هستقيل	1	1
62	 #إنقلاب ولسه الي جي أحلى   #مصر #ثورة #مرسي_الرئيس	1	1
63	@amrhamdon: السياره للبيع ارتحت يا مرسي	1	1
64	بشار يقصف حمص من عشرة ايام والناس فيها يحترون.. المنايا هم يشترون اكفان ودروع و حزام وحنا لـ يوم الحب نشري هدايا	1	1
65	#السيسي #مصر اقترحت على إثيوبيا والسودان1⃣ مشاركة البنك الدولي( 5منظمات دولية-الأمم المتحدة) في الدراسات الفنية لسد النهضة كطرف فني محايد 🧐 🌎ومشروعات التنمية في #اثيوبيا يجب الا تضر حصة مصر من مياه النيل #ديسالين الطرح لا زال قائما و🔰 السودان وإثيوبيا يدرسانه..🇪🇬🔚👨🏻‍🏫	0	0
66	#عاجل عباس كامل رئيسا للمخابرات العامة.... واضح ان هناك ازمة ثقة كبيرة داخل النظام الانقلابي بين السيسي والمخابرات العامة.	0	0
67	…يبدو أن الرئيس الروسي بوتين تدخل في سوريا مدفوعا بعاملين أحدهما قديم كما هو في هذه المقالة والثاني تحقيق أطماع روسيا القيصرية بالسيطرة على المضايق واسطنبول لتصبح بلاده مطلة مباشرة على المتوسط ولن ينقذ تركيا في قادم الزمن إلا ان تصنع لها مخالب وأنياب نووية!!	0	0
68	#الخنزيرة هل انت وهمي أم حقيقي  🤪 😂 ماذا حصل بين ساركوزي و احم احم  🤣 🥊 🥊 اسكت لا اسوي منك دجاج  🍗  كنتاكي سبايسي  😂 🤣	1	1
69	لهذا السبب.. امر ’’كيم جونغ أون’’ بإزالة صوره من بيوت المواطنين!:	0	1
70	"@BASEMAAMER: ‏بعد أن عيّن السيسي البرادعي رئيساً للوزراء، هل سيعيّن البرادعي السيسي وزيراً للدفاع ؟!   #مصر"""	1	1
71	#مصر - #حكايه_وطن | #السيسي: اشهد الله انني ما كنت متطلعاً لأي منصب او سلطة	0	0
72	"#عاجل| رئيس الأركان التركي #أكار: جميع الإرهابيين بمن فيهم إرهابيو ""داعش"" و""ي ب ك و""بي كا كا"" سيتلقون الرد المناسب الذي يستحقونه وسيدفعون ثمن الدماء التي أراقوها"	0	0
73	"#اعتقال_سامي_عنان #سامي_عنان  من وحي اعتقال سامي عنان ، لدي يقين بأن دعاء محمد مرسي في معتقله كان ""اللهم اشغل الظالمين بالظالمين وأخرجنا من بينهم سالمين"""	0	0
74	#مرسي و مدير مكتبه كانوا متهمين بالتخابر !!! ~ انتوا عصرتوا ليمون ولا شربتوا زيت خروع ؟! ~ خربتوا #مصر الله يخربتكم عايشين فى	1	1
75	باسم يوسف على اون تى فى.حلقات من ايام المجلس العسكرى	0	0
76	ابراهيم حسن : حسام حسن ده من اسبوعين قاعد مع الرئيس بوتين في ترابيزة العظماء .. والأخ رئيس النادي دخل المنظومة غلط عايز شهرة بس ، احنا بنعمل في حسام حسن كده ؟ احنا ولا عايزين منتخب ولا اهلي ولا زمالك	0	0
77	اعرابيان يتمشون بالغابه فروؤا طاءر فسأله ما هذا الطاءر ؟ فقال له انه الهدهود فرد عليه؛ الهدهود ولا بشار فذابوا اشكره وصار الوضع مصخره	1	0
78	 ومعاد ندرى الا وقد صنعاء مثل الرقة.. ويدخل الروس ينجفوا ساع ما نجفوا داعش بسوريا	0	1
79	#المملكه_برييه_من_احداث_سبتمبر لم تفجر سفارات أمريكا الا إيران وتعلم أمريكا ذلك ومع هذا عقدت معها اتفاق نووي وأمام العالم أجمع بعهد البومه أوباما . إمريكا وإيران وجهان لعملة واحدة .	0	0
80	إلى الست باكينام: نسيتي تآكلي؟ نسيتي تشربي؟ نسيتي تحلقي شنبك؟ فالحة بس تنسي تقولي ان المؤتمر يذاع عالهواء   #مرسي #مصر	1	1
81	نهار اسود علي اشكال الوزرا اللي بيحلفو اليمين واحد ماشي مشيهً المعلم محمد رضا في افلام الكوميديا وواحد شبه مرسي اه والله	1	1
82	"عمرى ما هأنسى فى معرض الكتاب من كام سنة بسأل واحد عندكم كتاب ""شخصية مصر"" لجمال حمدان راح ضاحك بسخرية و قاللى""هى مصر ليها شخصية!"" #مصر"	1	1
83	#القدس لإسرائيل ! 4- هاجم وزارة عدله ووصفها بالدولة العميقة التي تسعى لإضعاف رئاستي بدلا من التحقيق مع هيلاري ومساعديها وسجن هوما عابدين !	0	0
84	#ترامب يتهرب دائما من الحقيقة ولا يفوت أي فرصة لإلقاء التهم على أوباما .. هيلاري .. الحزب الديمقراطي.. أو الإعلام هذا بيان السفارة الأمريكية في بريطانيا ردا على تغريدته	0	0
85	اعتقد ان طائر النهضة عرفنا مكانه كلنا دلوقتى .. ............ #مصر #محمد_مرسى #النهضة #Egypt   #lol	1	1
86	رويترز: ترامب ينفي خطط نقل السفارة الأمريكية في إسرائيل إلى القدس خلال عام واحد	0	0
87	"#طنجة الذين نهبوا ثروات شعوبهم.. ثروتك ياعزيزي هُدرت ونُهبت وذهبت ""للاجنبي"" ""اليهودي"" #ترامب وشعوبكم مازالت تشتكي الفقر والبطالة والهجرة وهموم أخرى..! كفاكم استغفالاً لشعوبكم! #مملكة_البحرين #مملكة_البلطجية_السعودية"	0	0
88	خطاب مرسي يمكن يصلح لأي مناسبة أو أي شخصية بهلوانية إلا لرئيس بلد عظيمة مثلك يا مصر!!!وعجبي يا زمن #مرسي	1	1
89	Previous RT بشار الأسد = علي هذا العصر !! استهبال لو شنو ما يندرى #Bahrain	1	1
90	خلاصة #خطاب_مُرسي : معكم بدمي.. و دموعي.. و ابتساماتي #Egypt	1	1
91	#العنابي يتأهل لبطولة العالم لكرة اليد 2019 بعد فوزه على البحرين 29 - 21  #الوطن #قطر #كوريا_الجنوبية  #البطولة_الآسيوية_ال18_لليد	0	0
92	سيبك انت .. الحجاب فرض ولا سنة ؟ هو ده المهم و مصر دولة إسلامية و هذا سر الحياة !   #جهل #تاخر_فكري	1	1
93	ابويا بيقلد مرسى و هو بيتهته	0	1
94	 انزين تحلف بالله ان موزة مش شرموطة ؟ انزين تكذب ان تميم ابوة ساركوزي ؟ انزين تنكر ان المياسة اخت تميم علي علاقة بنامق؟ طيب اذا انتو عايلة وسخة انا شو ذنبي 🤔 يعني اذا تميم اختار يكون جنس ثالث يعني شيميل وانتو رضيتو فيه  😂 خلاص اركبوه	1	0
95	"  مصانع القوات المسلحه تنتج ""شيكولاته"" عليها صورة #السيسى_الخائن"	0	0
96	مرسي فاكر نفسه رئيس ولو استقال البلد هتخرب   أخس ع شيطانك #المرشد	1	1
97	أظرف تويته قرأتها اليومين اللى فاتوا . واحد بيقولك : يعنى الإخوان اللى أسقطوا الأندلس مش هيعرفوا يسقطوا السيسى ؟ :-)	1	1
98	#فريد_الديب ل #مرسى: لما تتخلع شوفلم محامى غيرى... على اساس انه مفيش محامى غيرك؟ ولا انت عشان تخصص جواسيس وحكام خونة يبقى خلاص	1	1
99	بس مناطرة ايه دي اللي جزءها التاني هيبتدي الساعة اتناشر .. ده انهاردة الخمي يا ولاد المرة #مصر #مناظرة_رئاسية #عبث	1	1
100	"#مرسي الي #الجماعة :من اجلك اعتقت ""سجنائي"" وتركت "" الدستور"" ورائي وشطبت شهادة ""بلادي"" وقتلت جميع معارضيني زيديني ""جهلا"" زيديني   #كاظم"	1	1
101	واضح ان #مرسى مرحش الجنازة عشان واقى الرصاص لسه منشور على حبل الغسيل #مصر	1	1
102	@amrhamido20 عاااااااجل #السيسي   هههههههههه السيسي هيرشح نفسه للرئاسة المصدر جريدة اليوم السابع:	0	0
103	و سيذكر التاريخ ان حتى البط لم يسلم من الاعتقال فى عهد السيسى #مصر	1	1
104	واحد اخوانى بيعلق عندى على صوره #مرسى وبيقول اللى مش عاجيه االصوره مايكلش عيش بكره !! الإخوان فاكرين ان مرسى بيأكلنا من جيبه	1	1
105	"#عفرين ليس لقتال الأكراد بل لمحاربة الإرهاب وللإشارة يوجد في عفرين أيضا عرب وتركمان  للمزيد من الأخبار اشترك في قناة ""مرحبا تركيا"" على تليغرام."	0	0
106	#ليبيا #السراج و حكومة #الوفاق الوطني - هذا المفروض يحطوه وزير التنمية البشرية او الثروة الحيوانية او الدبدحه والتراث الشعبي بس الثقافه نحن في غنى عنها ومازل اتقولوا #القذافي كان امجهلنا راهو يسمعها الوزير تنسد نيته في الاكل	0	0
107	#عـاجل|أردوغان: ليس لنا أي مطمع في أي بلد، نريد خلق السلام في سوريا ولا نسعى لاقتطاع أي قطعة من سوريا	0	0
108	#السيسي يصدر قراراً بتكليف مدير مكتبه اللواء عباس كامل بتسيير أعمال جهاز المخابرات العامة _ مش #عباس_كامل دا كانت ليه تسريبات من مكتبه؟ _ يازين ما إخترت سميرة بهيج😂	1	1
109	#النظام القطري شكله متورط ولكن للأسف استغل الاختلاف الدولي بين ترامب وبوتين وأصبح يتمادى في ممارساته العبثية وخاصةً بعد تحالفه مع الفرس أشد أعداء الإسلام #أتساءل كم المساحة البرية لدولة قطر حتى تجمع هذه القوات المرتزقة؟ #لا تعطوا القضية أكثر من حجمها فهي صغيرة جداً جداً جداً	1	0
110	#أردوغان: التنظيمات الإرهابية تريد أن تسفك دماء أبنائنا وباستثناء بعض الخونة فإن الناس مهما كان أصلهم ومذهبهم وعرقهم يعرفون الحقيقة ويساندون الجيش التركي	0	0
111	| وكل يومٍ يمُرّ علينا منذ انقلاب الثالث من يوليو عام 2013 يؤكّد أنّ مصر لم تشهد حرّيةً كما كانت في عهد الرئيس #مرسي ...!!	0	1
112	#اين_مشعل_بن_حمد قطوه بالسجن عشر سنوات وفي الاخير مصحه عقليه لين ما يتولي حكم قطر لانه الابن الشرعي الاحق بحكم قطر وباقي الفريق هم عيال ساركوزي  😂 😂 😂 😂 😂 😂	1	0
113	#سجون_الاسد مقابر الارهابيين واعوانهم .. #شكرا_روسيا #شكرا_بوتين	0	0
114	" ""اذا لم تستح فاصنع ما شئت"""	1	0
115	"نشطاء الفيسبوك يهاجمون #قطر بسيل التعليقات الساخرة بعدإساءة #صحفى_قطرى ل #مصر   حقوق دوت كوم: عبر @hoqookdotcom 0 1
باسم يوسف أوبريت وطني"" قوية قوية قوية !! #قطر #مصر   !!"	0	0
116	"فى قاعده كيميائية اسمها (Like disolve Like) غالبا العالم الى حطها كان #فلول لأنها تهدم جملة #مرسي ""Gas and Alcohol Don't Mix""   والله"	1	1
117	#سعوديات_نفخر_بولايه_اهلنا_لنا #نطالب_بالهييه_وايقاف_الانحلال #الليبراليه_دمار الليبرالي مثل داعش وتنظيم القاعده هم والعلمانيه ارهابيين كلهم توجههم ( فساد البلد والامه ) .	0	0
118	#العراق_قطر  مبروووك لااسود الرافدين هارد لك لمنتخب ساركوزي  تفهم تفهم ماتفهم مشكلتك  😉	1	0
119	ترجمة خطاب الرئيس مرسى من الدولة المضيفة لمؤتمر دول عدم الإنحياز كان فى الحقيقة	0	1
120	#عاجل | #السيسي يكلف مدير مكتبه اللواء #عباس_كامل بتسيير أعمال جهاز المخابرات العامة بـ #مصر	0	0
121	انا مش هرشح حازم صلاح ابو اسماعيل .. لانه بيحب مصر .. ومن الحب ما قتل	1	1
122	‏‎#AwelMara‎‏ اول مره اخرج فى لقاء عاطفى كان فى مكتبه سوزان مبارك فى المعادى   ‎:D‎	1	1
123	 RT @abusowalem: قالك الرئيس مرسى يتصل بحسان يسأله المشورة.كداب بيتصل بحرامى !!	1	1
124	#مرسي: في واحد اتصل بيا.. أصلي عندي تليفون كدة ناس بتكلمني عليه أحياناً	0	1
125	 إردوغان: لدينا اتفاق مع روسيا ولن نتراجع عن عملية عفرين السورية	0	0
126	#البردع كلم أردوغان قفل فى وشه السكة .... #البردع أشتون أديته قفا ومشيت .... #البردع أتكعبل وهو بيجرى من الصحفيين ....	1	1
127	أنا واكلة كرومب و ممكن أبهدلكوا D: #الرئيس #السيسي #قنديل #شعب_فاجر   #سياسة #مصر #هلس	1	1
128	#هاتاي جنوبي تركيا سيدفعون ثمناً باهظاً	0	0
129	الاخوان بيكفرونى وبيفتوا بجواز سفك دمي وانا قاعدة فى بيتى لمجرد انى بعارض سياسات مرسي الفاشلة فى حكم مصر!	1	1
130	“@Elma7roossa: الإخوان بقوا يستشهدوا بوائل عباس ويقارنوا مرسي بعبد الناصر في حسمه :)) إنها نهاية العالم :))”	1	1
131	#ايران_خامنئي المجوسي #وتركيا_اردوغان الاخوان المتأسلمين ان يعلموا بان حل المشكله في #سوريا هي قرارات جنيف واحد وغيرها مضيعه للوقت ونزيف دم للسوريين نتمنى ان نرى مثلها او اكثر منهى في دولهم ان لم يتحدوا مع العالم لحل مشكلة السوريين	0	0
132	أبو عقرب صادر ضده حكمين إعدام ...مدان فى قضايا اغتيال وتفجيرات .. أفرج عنه #مرسى اليوم بعفو رئاسى !!! #مصر   #احا	1	1
133	ذات مومنت لما تلاقي دي ف قسم #الجراحة يو فيل ليك انجليزي دا يا مرسي...#طب_المنصورة #حقيقة   #صور #غرد_بصورة #درر	1	1
134	#هاشتاق_للطقطقه_على_النصر حسني مبارك ضيع مصر وحسني عبدربه ضيع الفقر هههههههههههههههههههههه	1	1
135	#حصار_قطر .. بعد كل هذا عل هناك عاقل يصدق حديث #دول_الحصار الأربعة بان #قطر تدعم الاٍرهاب ؟!	0	0
136	"#كوريا_الشمالية خطاب رئيس كوريا الشمالية كيم جونغ اون بمناسبة السنة الجديدة قبل قليل: ""نستطيع اطلاق صواريخ على جميع مناطق الولايات المتحدة. زر الصاروخ النووي موجود على مكتبي"".  #كيم_يهدد_الكنافه_ترامب"	0	0
137	يآ شين النوم إذا قعد يستهبل معي ! بصراحة نحتاج تدخل علماء اليابان و كوريا يحلّون لنا هالمشكله 	1	0
138	احترم نفسك يا كلب مرسي دة خائن وعميل يا كلب السيسي اشرف من امك انقذ مصر منهم ومن موامرات	0	1
139	"إرسال السيسي برقية عزاء لوزيرالدفاع الإسرائيلي في وفاة شارون الإعلام المصري""شارون مات في العشر الاواخر أكيدمن الأربعةالمبشرين بالجنة"""	1	0
140	عاجل : أوباما يأذن بمنح المعارضة السورية بعض الأسلحة #شكراً_أوباما   #طز #الكلب_الأسود	1	0
141	"‏متصلة شيعية تحرج معمم شيعي بسبب زواج المتعة #البحرين #السعودية #ايران #العراق #مصر #لبنان #حقيقة_الشيعة  """	0	0
142	#لن_يعرض_في_لبنان أطالب رئيس كوريا الشمالية الرجل المحترم كيم جونغ اون بأن يقوم بضربنا بالقنابل الهيدروجينية والنووية والاسلحة الكيميائية والقنابل العنقودية وكل الاسلحة الفتاكة وأن يقوم بمحونا تماما عن الكرة الارضية ومحو اي اثر لنا عسي الله ان يستبدلنا ب قوم افضل منا وشكراً	0	0
143	الناس اللي بتتفرج علي مرسي وبتشتمه ليل نهار بتفكرني بالناس اللي بتتفرج علي شلبي وشوبير وبيطلعوا دين ابوهم شتايم	1	1
144	لحظة انقطاع الكهرباء على وزير التموين الاخوانجي #باسم_عودة ..   #مرسي #مصر via @youtube	1	0
145	‎​خبر عاجل.... سلمان شريدة يعلن عن اكتشافه لتسريب الخطة المسماه بالمفاجئه مما أدت الي تفوق منتخب كوريا الجنوبية كبير يا سلمان.	1	0
146	المذيع مع مرسى كاتم الضحكه هههههههههههههههههههههههههه	0	1
147	 اللهم أجعل كيد حقد الملعونة قطرائيل في نحرها وأجعل تدبيرها في تدميرها وأحفظ المجاهد #سيف_الإسلام_القذافي من خبثها وشرها	0	0
148	#باسم_يوسف رائع بكل ما للكلمة من معنى .... #لبنان #مصر #قاهرة   #cbc #lebanon #cairo #egypt	0	0
149	ابراهيم عيسي بيتكلم علي انجازات مرسي .. خلي #مرسي يصعب عليا	1	1
150	ابويا عايزني اوديله فلوس على حساب ٣٠٦٣٠٦ قولتلو لأ،قاللي ليه؟قولتله ما بدعمش حكومات انقلابات عسكرية D:   #مصر #مرسي #السيسي	1	1
151	الناس بتبوس صوره السيسي ........	1	1
152	خطاب بشار الأسد هو بحد ذاته سبب للثورة	1	0
153	 ولا #بوتين اللي ركعت جدامه وقلت له اسف سيدي وسلمته الطيار المسكين؟ 🤒	1	1
154	في وطني #الطفل_علي_حسن الذي لم يتجاوز عمرة ١٢عامآ معتقلآ لان النظام خائف منة   #البحرين #مصر #الكويت #السعودية	0	1
155	اثق في السيسي جدا وانه لا ياخذ قرارا الا اذا كان فيه صالح للبلد	0	0
156	مصر تثور و مرسي ما عم يفهم..... دخلكن هيدا نسي كيف وصل عالكرسي ؟؟؟	1	1
157	@sarahalsherif: هههههه الخط الساخن لحملة مرسى اللى يتصل بيه فى رسالة مسجلة بتقوله مرحبا بك فى حملة الشاطر   #إخوان	1	1
158	#مرسي عم بيقول انو على النظام الحاكم في #سوريا يراجع التاريخ #شوف_حالك   ... #مصر	1	1
159	"أوباما ثار جنونه بعدما حَذَفه بوتين من ""فايسبوك"" #مهضوم #نهفة   via @NOW_ar"	0	0
160	نواب القومي ذكروا سوريا و بشار أكثر ما ذكرو لبنان	1	1
161	رويترز: جون ستيوارت المصري باسم يوسف يستضيف جون ستيوارت الأمريكي. #مصر #lol #يحدث #حرية	1	0
162	 قالوا لنا سنستبدل معسكرات القذافي إلي حدائق للأطفال , فحولوها إلي سجون للإجرام.  قالوا لنا أن أقل دخل للمواطن سيصبح 4000 دينار , فقطعوا عنا السيوله وقتلونا أمام المصارف.  قالوا لنا أن لكل مواطن ليبي حق في النفط , فأحرقوه.  قالوا لنا أن ليبيا ستصبح جنه , فأغرقوها في الظلام	0	0
163	اتنين ستات عمال نظافة في الشارع النهارده بيتخانقوا واحدة بتقول : اتكلمي معايا أحسن من كده. ردت التانية عليها و قالتها ليه يعني هوه انا بكلم حسني مبارك.  👑 مازال و سيظل الرئيس مبارك الرفعة و العظمة حتى عند البسطاء و لا يعرفوا رئيس سواه و لم يشعروا إلا بمبارك رئيساً #مبارك	0	1
164	ايه يعني لما مرسي يقعد سنة وما يحققش ولا هدف..؟؟ اعتبره فلافيو يا اخي :D #حقيقة   #اخوان	1	1
165	نهضة دة ولا مش نهضة ؟! - #مصر #الجزيرة #العربية #رصد #اخوان #مرسى #النهضة #اون_تى_فى   #Egypt #ikhwan #RT #PRT #PT	1	1
166	ﻨﺸﻴﺩ ﺍﻟﺩﻭﻟﺔ ﻟﺠﻤﻬﻭﺭﻴﺔ ﻜﻭﺭﻴﺎ ﺍﻟﺩﻴﻤﻘﺭﺍﻁﻴﺔ ﺍﻟﺸﻌﺒﻴﺔ ﻫﻭ ﺍﻟﻨﺸﻴﺩ ﺍﻟﻭﻁﻨﻰ يا راجل! بجد :) #دستور كوريا الشمالية   #حشيش	1	1
167	- فراعنة من الأسرتين الرابعة و الخامسة يقطعون طريق الكباش احتجاجاً على تأجير الهرم و أبو الهول   #مرسي #الاخوان #مصر #قطر	1	1
168	#ضربوا_العريش_والرياض_واسرائيل_آمنه اسرائيل تحتفل بيوم اللغه العربيه ونحن منشغلون بقتال انفسنا صدقت هيلاري كلينتون 👊 سنجعلهم يقتلون بعضهم 😒	0	0
169	هوه محدش ليه بيشتم فى #مرسى بسبب الحر اللى احنا عايشين فيه ده انتوا نسيتوا ولا ايه ؟!!	1	1
170	مبارك..صبرك شوي عالاكم قضية اللي فاضلات وبعديها تقدر تترشح للانتخابات القادمة حسني ولا جمال مش فارقه،المهم مبارك كبير يا حسني #الرئيس	1	1
171	"BBC Arabic بي بي سي عربي: بي_بي_سي_ترندينغ : ""لدي #زر_نووي أقوى وأكبر من زرك النووي""... #ترامب يهدد #كيم_جونغ_أون"	1	0
172	#الفلول بتحب العسكر وبتشتم في مرسي والناس ماشيه معاهم	0	1
173	مصر يلعبون ضد قطر مباراة ودية ، قناة الكأس قناة قطرية .. أحمد الطيب معلق مباراة منتخبنا !! #هزلت   #قطر @alkasschannel	1	1
174	 حقيقي مممررهه هاندسوم  😂 😭 ❤ ❤ و بالنسبه للمراهقين عندهم طالع ملك جمال بعد مو بس هاندسوم  🌚 🚶 يحقله يقول عن نفسه كوريا نمبر ون هاندسوم مان  😭 😂 ❤ 🏃	1	0
175	 تبي بأي طريقه تبين دلكوها دلك رصوها رص شرمممممممممممممها ساركوزي صارت فرشه عزابيه فرانس يعني طفايه سيجار عزوبيه عندنا 😂 😂 😂 😂 😂	1	1
176	#سامي_عنان الوضع رايح. لا احتمالين اما بضلو ساكتين وبنتسى مثل مرسي. وأما. بصير ايقونه. تغيير ورمز. للتجديد والخلاص. خاصه انه من خلفيه عسكريه. ما بتزبط عليه شماعة الاخوان وحماس و ..الخ	0	0
177	@uae_3G انت لو فيك ذرة مرجله ماتتعدى على سيدة تسواك وتسوى شواربك ماعندك الا الشيخه موزة الرجال يناطح الرياجيل ولا الحريم مايتعرضهم بس اشباه الرجال ماعندهم مشكله	0	0
178	@7mnyeste سمعت أن ف مصر تدفع حق شيخ و يقوم عنك قيام الليل	1	0
179	ثقته دي مش من فراغ .. مطمن جدا لتاثير الجماعة ف عقول الناس والكلام ب اسم الدين نغمته هتعلى اكتر ف المنابر   #حوار_مرسي	0	1
180	#بوتين_مجرم_حرب تتضاءل فرص بوتين يوماً بعد يوم في تسجيل نفسه كبطل تاريخي وقومي في تاريخ روسيا البيضاء .. وتزداد معها الفرصة في أن ينال لقب المتهور الأول في التاريخ ، والأحمق الأول بلا منازع .	1	0
181	#المرسى نخطى الصعب #مرشح_استبن   #مرسى_كاريزما	1	1
182	#اخضر_اليد_في_المونديال الف مبرووووك لكرة اليد السعودية تصدر مجموعته بفوزه على كوريا الجنوبية المستضيفة للبطولة 26 / 23 الف مبروووووووووك لكواسر كرة اليد السعودية	0	0
183	#نكزات قالوا سنحول معسكرات القذافي إلى حدائق للأطفال، وبعدئذ تحولت المدارس إلى معتقلات ومأوى للنازحين ! #فلتسقط17فبراير	0	0
184	مصر ، شبكت النت والسيرفس فُل بكل مكان وشركتين انترنت .. احنا عندنا 10 الف. شبكه و 10 الف شركه وكلهم بوق والسيرفس معدوم. بكل مكان	1	1
185	٥٠٠ رياضي روسي تقدم للمشاركة في الالعاب الشتوية الشهر القادم تحت العلم الاولمبي، تمت الموافقه على ٣٨٩ ورفض ١١١.  هذا العدد من الرياضيين الروس تقريبا مساوي لعدد الرياضيين الروس الذين شاركوا في سوتشي الروسيه ٢٠١٤!  -كل الاخبار والتوقعات كانت بمشاركة قلة قليله بعد موافقة بوتين حينها	0	0
186	#الدوره_العلميه_العالميه_14 البركة: التماس البركة وتلمسها فيما يُعتقد أنه مبارك من المعاني والأعيان، والبركة حصول الخير وزيادته ،والخير والبركة من الله تعالى..	0	0
187	#عباس_كامل مدير مكتب،ورئيس مخابرات، ولواء، و........ بس بس هتضيعنا انت رايح فين	0	1
188	"RT ""@CherineK: #اوباما في خطاب ذكرى 11 ايلول: نحن ضد #القاعدة و#الارهاب وليس ضد #الاسلام ! السؤال: ليش هني بفرقوا بين مسلم وارهابي ؟  """	1	1
189	#اخرة_الانبطاح #مصر | استدعاء الرئيس مرسي للتحقيق معه في كيفية هروبه من السجن أمرت محكمة جنح...	1	0
190	عندما يتولدن أوباما.. #أوباما	1	0
191	@HillaryClintonA بسم الله الحمد لله عزيزتى هيلاري كلينتون هل انتى جاهزه الان يجب ان تكونى مستعده لكن السؤال هل يوجد فى الولايات المتحده الامريكيه من يمكنه اصلاح ماقام بهدمه ترامب اننى لا اظن ذالك لان بناء الثقه مواده الخام هى المواقف الصادقه والافعال الجي	0	0
192	حوار وزارات مبارك والعسكر كان فيها ناس حلوة ،حاجة كده زى إن فى كتير من النوبلمن ففرنسا اتعدمو ظلم أيام الثورة	1	1
193	"@ElBadilNews: السيسى يكشف مخططات مرسى للإستغاثة بالغرب أمام أعضاء المجلس العسكرى #البديل   #عسكر 0 1
العيال ماشيين في الزيتون ماشيين يقولوا سيد يا سيد #مرسي مش هيعيد...ده انت 0 1
اهو طالع يزعق فى وشنا.. ..#مرسى 0 1
  #مصر #تمرد #30June 0 1
@waelabbas "	0	1
194	محمد مرسى عايزنا ننتخبه عافية تحت بند الثورة بدون كلام واضح عن تحقيقه ائ أهداف أو توافقات   #مرسى	0	1
195	#غرابيب_سود وهلا رجعت mbc1 تعرضه بكل جراءه !!	0	0
196	#مظهر_شاهين ل #مرسى : حسبى الله ونعم الوكيل عايز تقطع عيشى عشان بقول الحق...هوه الاعتلاء على المنابر بقه لقمه عيش اليومين دول!!!	1	1
197	"بما ان الحرب العالمية القادمة منقولة حصرا"" على الجزيرة يا ترى مين هيكون معلقك المفضل :D #كوريا_الشمالية"	1	1
198	#عاجل ترامب يكذِّب نتنياهو وينفي نقل السفارة الأمريكية للقدس خلال عام	0	0
199	يا لسخرية القدر كده بنسبة 99 % الإعادة ما بين مرسي وشفيق   #إنتخابات_الرئاسة	1	1
200	لبطة الچبد:هل تعلم أخي الثائر في البحرين:عندما تسلم خليفة بن سلمان منصب رئاسة الوزراء كان الرئيس الأمريكي أوباما في الروضة؟   #Bahrain	1	0
201	#هيئة_تحرير_الشام لن تقوم العلاقة بين الظواهري و #الجولاني لأن الأخير قام باعتقال عدد من قيادات ومناصري #القاعدة في #سوريا. ولهذا اعتبر الظواهري هذه الاعتداءات ضد رجال #القاعدة أمر غير مقبول	0	0
202	اتباع عصابات داعش تعرفوا على اسيادكم	0	0
203	يلعن أخت هيك يا زلمة كل ما دق الكوز بالجرة قامو قفلو المعبر   #ضعف #اسرائيل #مرسي	1	1
204	#مرسى يكرم الجنزوري والله دي	1	0
205	يخربيتك ياباسم لابس سلطانية مرسى وداخل بيها	1	1
206	#سامي_عنان بتبرر ليه ولمين؟ شيلوا مبارك شيلنا مبارك-شيلوا طنطاوي شيلنا طنطاوي -هاتوا مرسي جيبنا مرسي-شيلوا مرسي شيلنا مرسي!هي البلد بقت لعبة اننا نفضل نمشي ورا شوية عيال؟ خليهم يهروا .. اكتر من كده يخبطوا دماغهم ف اقرب حيطه #السيسي_رئيسا_لمصر	0	1
207	محمية حيوانات تسخر من ترامب لإهانته دولا أفريقية (فيديو)  #ikhwan	0	0
208	"مصادر | "" مجلس الشورى بصدد مناقشة مشروع قانون يلزم خاطفى الجنود باطلاق صراح اى جندى تنتهى مدة خدمته العسكرية "" #الاخوان #الرئيس #مرسى"	1	1
209	إذآ حُسني مبآرك برآءة ! في أحتمآل أنه بشآر الأسد من العشرة المبشرين بالجنة !	1	1
210	يا ناس يا هوووووووووه #حمدى_قنديل بقى يتقال عليه كلب مبارك ؟ #مصر   #قرف	0	1
211	#الريس_مرسي و هو على كرسي الحكم ف طبيعي انه يعمل كده في ناس ناوية تترشح قصاده و من اتى بالدبابة لا يرحل بالصندوق فوقوا يا مصريين دا السيسي ابن #إسرائيل مش هيمشي بالساهل #سامي_عنان #خالد_علي #احمد_شفيق #مينفعش_تترشح_عشان	0	1
212	 الرئيس الامريكي ترامب ينفي نقل السفارة الأميركية للقدس المحتلة خلال عام	0	0
213	#من_عالمى_عالم_الرؤى_والاحلام  انقلاب ترامب على احد رجاله المقربين منه  وفردا جديدا يظهر باسرته...  والله اعلم	0	0
214	@AlArabiya_Brk):  التحالف الدولي: غارة جوية على سوريا السبت قتلت قرابة 150 من عناصر داعش #العربية_عاجل	0	0
215	#الأسبوع | #السفير_الروسي في واشنطن: #ترامب لم يتخل عن هدف تحسين العلاقات مع موسكو	0	0
216	مستفزه قوي المسلسلات الي بين الإعلانات ده ! #مصر   #أخبار #اضحك_ياصايم	1	0
217	#سامي_عنان من عجب العجاب . الاشكال اللى هللت فرحاً عند اقصاء مرسى للمشير طنطاوى وعنان .هم نفس الأشكال حالياً اللي بتقول أن عنان حالياً هو بطل قومي.الشئ وعكسه وعجبي!	1	0
218	#كونداليزا رايس: كيم جونغ أون ذكي جدا	0	0
219	بدل آن تطآلبو بقتل بشآر آلآسد يآنعآج آلخليج .. طآلبو بقتل نتنيآهو وأوبآمآ !   .. #نعاج #بدو ! #حفاة_عراة	1	1
220	  فريق قهر زعيم اسيا. من حقه ان ياخذ الكاس	0	1
221	#مفتي_سوريا أحمد حسون يدعو السوريين إلى ال#جهاد إلى جانب #الجيش_السوري ورئيسه #بشار_الأسد ..   #قمة_المسخرة	1	0
222	#سامح_سمير :و انا باتفرج على الرئيس مرسى تملكنى احساس شديد بالحرج, واضح اننا طبينا عليه فى وقت غير مناسب..   :)	1	1
223	#روسيا  قام الرئيس الروسي فلاديمير #بوتين البالغ من العمر 65 عام.. بالغطس في بحيرة سيليفر المتجمدة في مقاطعة...	0	0
224	اسخروا.. فقط من «الإخوان» - ديانا مقلد: #مصر #باسم_يوسف #سيسي #إخوان   #إعلام	0	0
225	#مصر المراقب : محمد #مرسي ؟ الطالب : ايوة ! المراقب : يخربيت امك خربت البلد القسم كله : ههههههههههههه	1	1
226	#أوباما داخل الهرم   #الدستور	0	0
227	تخيلو صورة مرسى فى البطاقة عاملة ازاى	1	1
228	@K7Pbq اولا يامجنسه اذا هذي صورتك عز الله كيف يبتي 7 يهال اتوقع خدج الي يولد مش انتي اذا قدوتج موزه على الدنيا السلام موزه رتبت عمرها وباسها ساركوزي انتي منو بيشوف ويهج ياويه الخميره ما بسب امج لانها مالها خص بسبج انتي ياويه الجرب اذا تبين تنباسين سوي عمل	1	0
229	أحمد_بلبع:نترقب سرعة موافقة #بوتين” على #عودة_السياحة_الروسية..واستمرار #الحظر_الانجليزى مازال لغزا وحله فى# يد# السياسيين	0	0
230	#كيم_جونغ_أون يحتفل بعيد ميلاده الـ34 #كوريا_الشمالية #أسلحة_نووية #أمريكا	0	0
231	مرسي سيرسل 100 الف جندي مصري لإحتلال الأردن.. فيديو … #الاردن #jo #jordan #reformjo #Amman #خبر #اخبار #خذلك	1	1
232	ولا يوم من ايامك يا #مبارك .. كان المواطن الي عنده مشكلة في الكهرباء يروح القسم يشتكي ياخد الكمية الي هو عايزها ..	1	1
233	#عاجل #السيسي يكلف مدير مكتبه اللواء #عباس_كامل بتسيير أعمال جهاز المخابرات العامة إنَّا لله وإنا إليه راجعون اللهم أجرنا في مصيبتنا	1	0
234	#سؤال_محيرني لماذا امريكا واسرائيل وثلاثة دول اخرى تملك اسلحة نووية ولما ايران او كوريا تريد ان تملك اسلحة نووية يكون عليها عقوبات...!	1	0
235	#الكرملين: #بوتين و #أردوغان يتفقان على أهمية حل النزاع في #سوريا على أساس وحدة أراضيها واحترام سيادتها	0	0
236	#غصن_الزيتون اوردغان دخل عفرين بصفقه مع بوتين وبشار بتعهده بتسليم المناطق المحرره للنظام السوري وفي حالة مقاومة الجيش الحرلهذا الامر بتبع	0	0
237	#Q8 : الرئيس الأميركي دونالد ترمب يطلب من احد أعضاء النظام المنهك والجائع في كوريا الشمالية ابلاغ كيم جونغ اون انه يملك زرا نوويا اكبر وأقوى من الزر على مكتب الرئيس الكوري الشمالي.. كما انه زر يعمل.	1	0
238	#سؤال_لبوتن_ترامب_نتن ياهو #صدام من حفره طلعتوه #ابن_لادن اخفيتوه وقتلوه #الضواهري أجلتوه #بن على هروبتوه #حسني مبارك سلبتوه وحاكمتوه #القذافي عيني عينك قتلتوه #بشار هددتوه وخليتوه #على صالح رقصكم قتلتوه لاكن؟السؤال ليه؟؟ #خامئني تصيحو ن منه وتفاوضوه؟؟ و #البغدادي ليه خشيتوه ؟؟	0	0
239	 جبهة الإنقاذ تهدد بالدعوة لانتخابات رئاسية مبكرة إذا لم يستجيب مرسى لمطالبها...ويقولك الحشيش بقه شمال :D:D   #مصر	1	1
240	جامدة جدا: عائلة الرئيس #مبارك تزوره فى ذكرى تحرير سيناء. مين ابن اللعيبة اللى اقترحها و سيحها فى الاعلام.	1	1
241	@Hosni_Mubarek):  أيها الشعب السيسي في الوطن السيسي  لو ربنا نجاكم تعالوا الحسوا طيزي...	0	0
242	 يارب كسر ايدي يجي ف رجليك الاتنين ويكرمك زي القذافي بس هاه 😂😂👅	1	1
243	. لو سقط مرسي يعني كل سنه رئيس جديد :)	1	1
244	"#مرسي. تقريباً اتسطل من الشاي بحليب :D  """	1	1
245	عندما اتصل بي الفريق السيسي وأمرني بالتخلى عن السلطة .. قلت له : والشرعية اللى في بطني ؟	1	1
246	. اندلع فجاة خلاف ونزاع حاد بين قوي النفوذ التي تصنع القرار الدولي مماتسبب في هزيمة هيلاري كلينتون	0	0
247	اجتماع مروان بن غليطة ذكرني ب خطاب معمر القذافي الله يرحمه يرد على شارع الرياضي من أنتم بحق الله من أنتم سوف تندمون حق الندم	0	0
248	مصر25 الرحمة: مالت الشيخ محمد حسان الناس الحافظ هالقنوات تتسكر .. وقناة الفراعين (سكوب المصرية) يعاد بثها !!   #مصر #مرسي	0	1
249	نعمـ لعدمـ الأستقرار :))))))))))))) كلمه عمى أيامـ مرسى xD #هياس #فصلان	1	1
250	@EgyProjects):  🌇 ⁧#مشاريع_مصر⁩ 🇪🇬 |  الرئيس السيسى ورئيس وزراء إثيوبيا يشهدان...	0	0
251	 😂 التقى فلاديمير بوتين اليوم مع فلاديمير بوتين لبحث ترشيح فلاديمير بوتين لمنصب فلاديمير بوتين فى...	1	0
252	#بوتين ليس لديةحساب بالعربي سميت #اليمن بأرض السعيدة و سمي #عفاش_اليمن ب ابن السعيدة	0	0
253	#بلاتر_يفضح_فساد_قطر: كنت متأكدا قبل إجراء التصويت أن #قطر ستفوز بتنظيم #كأس_العالم 2022 لقد تحدثت إلى الرئيس الأمريكي باراك أوباما قبل أيام من التصويت لأبلغه بخسارة بلاده	0	0
254	#كنا بنحلم بدوله قويه في فتره حكم الرئيس المخلوع حسني مبارك. #وعشان تتبني لازم يكون فيه تضحيات عظيمه. #أتمني إنه يكون في جميع مؤسسات الدوله قائد عظيم إسمه عبد الفتاح السيسي.	0	1
255	يعنى هى دبى كان ممكن تبعت لنا موارد طاقه ورفضت عشان مرسى !!! يا حلاوه هى بتدى مرسى ولا بتدى الشعب بيمشونا على مزاجهم يعنى	1	1
256	#حكاية_وطن نسوان السيسي جاهزين من اجل الوطن✋😁	1	0
257	#مصر الدولية تستأجر بلطجية لسحل الطلبة المعتصمين !!   و #عبث #النهضة #الرئيس #مرسي #لاخوان #تجار_دين	1	1
258	" علاء والى :"" السيسى "" يتميز بالوطنية والصراحة والصدق -"	0	0
259	  أوباما العربي حركاته ماهي مضبوطة شوفو المسابقة الي عملها وشوفو الردود أغلبها بنات 😳 عليه إقبال الخال ههههه	1	1
260	"عمو وجدى العربى ""حمام الملاطيلى"" بيقول اللى هيقاطع الانتخابات بتاعت مرسى علاقته بربنا باطله ! :)) #مصر #Egypt #PRT #مرسى"	1	1
261	#محكمة_حسني #محكمة_مبارك علاء جمال براءة !!!!!! #مهزلة	0	1
262	مدد يا مرسي مدد ههههههههههههههههههههههه #غويييييييه #العن_ابو_لشلخ   #BAHRAIN #Egypt	1	1
263	#شلقم صفحة مزورة ولا تتبعه على الإطلاق وسبق للسيد شلقم أن أعرب عن عدم مسؤوليته عن هذه الصفحة عندما أدعت على لسانه نيته للترشح للرئاسة، فتبينوا. #ليبيا #سيف_الإسلام #الزنتان #العجمي_العتيري #القذافي	0	0
264	 الرئيس محمود عباس سيلتقي نظيره الروسي فلاديمير بوتين، بين 12 و14 من الشهر المقبل، في زيارة ستبحث إيجاد رعاية جديدة لعملية السلام  .	0	0
265	"#باسم_يوسف أن يسخر من نفسه؟ بالتأكيد لا ،،، ممكن يكون نبي منزه عن الخطأ !!! واعجبي ""يا أيها الذين آمنوا لا يسخر قوم من قوم"""	1	1
266	"#الوهابية العظيم #الشيعة من كتر مابيحبوه مسمينه ""ابو علي""😆 #بوتين الحب❤  كل #عيد_الغطاس و #الأمة_المسيحية بخير وطيبه."	0	0
267	  هناك من يكرهون #الرئيس_مرسي ويخافون الملامة في شتمه والتطاول عليه في #تويتر ويكتفون بعمل رتويت لمن هم على شاكلتهم	1	1
268	مصر حسام بدراوي رئيس الحزب الوطني أيام حسني مبارك .. السيسي مسكه محافظ للقاهرة   و أنا مع الأخوان قلبا و قالبا	1	1
269	"شوفتوا انتو "" اغلبية و معارضة "" هاهاها   #مرسي"	1	1
270	"عندما تصدر محكمة قراراً ضد حاكم مستبد""مرسى"" نُهلل للعدالة وعظمة القضاة.. وعندما تكون القرارات علىَ غير هوانا.. نسخر من ""الشامخ""   #مصر"	1	1
271	مش هحرر القدس بالجيش المصري وهخلي كوريا تنسف إسرائيل شاهد	0	1
272	الناس شبعت من الجوع، وشربت من العطش  - عبد الفتاح السيسي 2018	1	0
273	عاجل../ جمهور الاهلي يستغل الاوضاع في مصر.. ويخطط ع سرقة لقب الفراعنه ..! ههههههههههه #القاب_الاهلي_السعودي #الهلال	0	1
274	@youtube ههههههه استمتعوا بالنهضة يا ولاد العبيطة #مصر #اخوان #النهضة #مرسى	1	1
275	"  أنا مبسوطة قوى من عم الحاج مرسى ""قائد الثورة المصرية"" عقبال ما يحصل القذافى ""قائد الثورة الليبية"" بس عن قريب قوى..إحنا ف عصر السرعة)"	1	1
276	عندي شعور انو مبارك يشاهد خبر وفاته على شاشات التلفزة	1	1
277	#العمدة بتاع قناة #مصر25 كان عامل حلقة أول امبارح عن #باسم_يوسف وحاطط سؤال هل باسم يعمل مع أو ضد الثورة والنتيجة جت نعم96% و4% لا	1	1
278	"وزير الإعلام السوري يدعو #أردوغان للتنحي حال ""عجزه عن اتباع وسائل غير عنيفة إزاء المظاهرات #ملعوبة #هع"	1	0
279	أردوغان يرفض مايحدث فى #مصر رغم ان عنده مظاهرات..و #توكل_كرمان_تتطاول_علي_مصر رغم ان رئيسها عسكرى..	1	1
280	1. رسائل البريد الإلكتروني هيلاري كلينتون تثبت أن حكومة الولايات المتحدة والبيت الأبيض يعرف تمويل قطر لداعش اعترف كلينتون في محادثة عبر البريد الإلكتروني أغسطس 2014 حصلت عليها ويكيليكس أن حلفاء الولايات المتحدة قطر ترسل الأموال والأسلحة إلى داعش 2014 كان ذروة الرعب خلال صعود داعش	0	0
281	#ليبيا  منذ يومين مسلحون يستقلون ((سيارة عسكرية)) يعتدون بالضرب على طالب و بالسب و الشتم على طالبة في...	0	0
282	"#ترامب يفي بوعده ويكشف عن الفائزين بجوائز ""الأخبار الكاذبة"" :  -"	0	0
283	#فلبينية(18عام) فازت بـ 250 ألف دولار لشرحها النظرية النسبية بطريقة أبسط من #أينشتاين ! .	0	0
284	 هل سيصدق هنيه بوعده❓أم سيكون كوعود حبيبه خامنئي ومن قبله المقبور خميني على مدى 40 سنه بتحرير فلسطين ⁉️ الأيام بيننا يا هنيه و سنرى هل تفي بوعدك أم هي فرقعة اعلامية❓	0	0
285	أحلى أبو علي بوتين. .ربي يحميك ياغالي	0	0
286	الرئيس #مرسي يصدر قرار بانشاء جهاز امني جديد من اجل حماية أجهزة #الأمن الحالية #مصر #أمن #الداخلية #الجيش #السرقة #سيناء #الشرطة	1	1
287	براءة #مبارك في مصر وسجن #مسلم_البراك في الكويت ..	1	0
288	هما ولاد مرسي هينتخبو مين؟ اوباما ولا رومني؟	1	1
289	احنا اتهرينا بيضااااااان بصوت اوباما المصري برضه	0	1
290	أحداث عفرين.. بمباحثات هاتفية بين بوتين وأردوغان |	0	0
291	هذا العالم الذي يخدعكم و يقوللكم عالم متمدين ، هذا عالم همجي ، بربري، متخلف ، منحط هو الذي سبب كوارث للبشرية  معمر القذافي	0	0
292	ماله وزير الري؟؟ مش بنزوره كتير وبيفك زنقتنا؟؟! شعب ناكر للجميل صحيح #مصر   #مرسي #هشام_قنديل	1	1
293	#أخبار_عربية_و_عالمية ديسالين للسيسي: لا يجب أن يعطش أبناء النيل.. ولن نضر المصريين قال رئيس وزراء أثيوبيا هيالي ماريام ديسالين إنه ناقش مع الرئيس المصري عبد الفتاح السيسي تعزيز العلاقات المشتركة، مشيراً إلى أن هناك دوراً هاماً لعبته كل من مصر وأثيوبيا…	0	0
294	اديك وفي حاره مزنوقه ,, اديك والناس مخنوقه   #مرسي	1	1
295	دخل ماهر على بشار وهو يرفع اصبعتين (علامة النصر ) فسأله : هل انتصرنا ؟؟ فقال : لا والله بس ما بقي غيرنا حنا الاثنين #سوريا	1	1
296	الثوار معجبهمش ان مرسي اتاخر في تطهير مصر من الفلول قاموا اتحالفوا معاهم !!!!   #عيد_عالبرادعي	1	1
297	أوباما يواصل دراسة خيار تسليح المعارضة ، الله لا يضيعلك تعب و عقبال التخرج انشالله	1	1
298	#حمد_المزروعي_لا_يمثلنا يقول المثل رمتني بدائها وانسلت هذا حال افاعي وعقارب دويلة قطر ينتهكون اعراض العرب والمسلمين بلا هوادة وتاريخهم طويلة مع عوائل الانظمة العربية التي سقطت ولما المزروعي ينشر صور موزة اللي اصلا صحافتها تنشرها وهي في حضن ساركوزي ومرة يقبلها ملك اسبانيا يزعلون!	0	0
299	#عباس_كامل مش دا بتاع التسريبات ! بس بجد هو فعلارجل المرحله دي مش دا الا وصل السيسي للحكم بردو بتكتب يا احمد 😂	0	1
300	@mayabeydoun @isally52 فيديو مكالمة #مرسي مع الجزيرة في 30-1-2011 والتي يحاكم بسببها الآن بتهمة التخابر!	0	1
301	#الحل_في_الخرطوم_يا_سيسي #الإعلام_المصري_القذر عندما زارة #الشيخة_موزة السودان بدأوا بالإساءة للشعب السوداني و حضارته. وعندما زار #أردوغان #السودان أعاود نفس الكرة. #طفح_الكيل #الحل_في_الخرطوم_يا_سيسي	0	0
302	مش فاهمة يعنى الناس كده نزلت تستفتى على الدستور و الا على مرسى و الا على الدين؟ ارسوا على بر !الشعب احول كده خلاص	1	1
303	  مرسي جايب خبراء من اليابان ل ملف المرور-ده على أساس إن مشكلة المرور ف مصر مشكلة تكنولوجيا بالأساس؟وإيه لزوم العملة الصعبة للخبراء؟:((	1	1
304	#الشروق| «ترامب» يعلن عن الفائزين في جائزة الأخبار المزيفة 2017	0	0
305	زوجة أحد الضباط المختطفين بسيناء: ''مرسي خيرنا بين الصبر أو الطلاق''..   مش قادر ابطل ضحك ههههههههههههههههههههههههههههههههههههههه	1	1
306	#سوريا أضحك على #بشار_الكلب تقليد و   ولا أروع #Bahrain #Kuwait #Saudi #Qatar #UAE #Oman	0	1
307	  ديموقراطية الشارع -سقوط اوباما- #N12	0	0
308	تصحيح مسار ثورة يناير يكون بإطلاق سراح حسني مبارك #مصر	1	1
309	اجمد خطاب في تاريخ رؤساء #مصر علي الاطلاق ..   #مرسي	1	1
310	ومازال المخرج اللبناني مُصر على عدم ظهور الجمهور الكويتي على الشاشة !!؟..	1	1
311	#سؤال_هام هى الداخلية فيها كام 20 ألف جندى ..	1	0
312	أهل بور سعيد كسيبة   #مرسى_الله_يرحمه :D	1	1
313	اخترقت طائرة صهيونيه الحدود المصرية وقامت بإستهداف عدة أهداف !! #مصر #مهزلة	0	1
314	عربية بميكرفونات في #التحرير :عدى ال٣٦ حصلنا حاجة يازند..زند باطل! هو محدش قاله إن #مرسي نخ ورجع في كلامه؟!	1	1
315	"“@Elaph: باسم يوسف يصل إلى دار القضاء بـ""قبعة الفلسفة"" تهكمًا على مرسي نيهااااااااااا"	1	1
316	@D_thediva هههههههه انا نفسي مرسي يخطب كل يوم و هستحملة علشان أشوفك كدا	1	1
317	 من اهتز كرسيه حين رأى الملك عبدالله 🇸🇦 رحمه الله ينفض غبار الغوغائية #الإخوان في #القاهرة ،كان موقفاً بطوليا من أخ عربي لأخيه الوفي الذي لا يقبل ذله، وانكساره بيد شرذمة ومرتزقة اليهود أردوغان ومن هو أسفل من هذا السافل الدونمي	0	0
318	ابغى دراما تضحك بس للاسف كوريا غارقة بالمحققين والجرايم ذي الفترة	0	0
319	@jahwarya ده أنجليزي ياد يا مرسي #bahrain #Retweet__KSA #GCC #UAE	1	1
320	الاخوان ترفض وساطه الازهر ومصممه ان مرسي لازم يرجع احسن جاتكم البلا خدو علي دماغكم بقي	1	1
321	#موزة هى دى الثقة فى النفس برده #حقيقة #لول   XD	1	1
322	#نتكلم_جد الا تلاحظ فشل كل ملفات امريكا منذ قدوم قواد العصر ترامب.اخرها الداخل الايراني	0	0
323	#البرادعي مع #عكاشة في #التحرير   #البوب ايه دا يابوب #مرسي #مصر	1	1
324	#الجزائر ودعموا الارهابيين وعشنا 15 سنة ارهاب بالتسعينات ودفعت فاتورة آلاف الجزائريين قتلوا وبعدها #ليبيا التي صارت تعيش فوضى وحرب بعدما قتلوا القذافي بتواطىء مع العربان وساركوزي، دماؤهم التي دفعت مقابل نفطهم	0	0
325	#ليبيا|| عائلة القذافي : الدكتور سيف الاسلام معمر القذافي لا يملك اي حساب على مواقع التواصل الاجتماعي محذره من التعامل معها	0	0
326	  مقهى القطط في كوريا!  يمكنك شرب القهوة وقراءة كتابك المفضل واللعب مع القطط. إن كنت من محبي القطط...	0	0
327	"#السيسى في كلمتة بمؤتمر ""#حكاية_وطن""، قال إن فترته الرئاسية (4 سنوات) شهدت إنجاز 11 ألف مشروع على أرض مصر، بمعدل..."	0	0
328	#أخبار_عربية_و_عالمية ترامب: لا علاقة جيدة بيني وبين كيم جونغ أون نفى الرئيس الأمريكي دونالد ترامب اليوم الأحد ما ذكرته صحيفة نقلاً عنه في مقابلة الأسبوع الماضي أنه على “علاقة جيدة تربطه على الأرجح بالزعيم الكوري الشمالي كيم جونغ أون. وقال ترامب في…	0	0
329	#تويته_في_حب_25يناير و نقول تاني من مبارك ل مرسي ل السيسي يا قلبي لا تحزن ..	1	0
330	 🤣 🤣 🤣 🤣عيال عشيقة ساركوزي 🍌 🍌 اغبياااء .	1	0
331	مشروع #النهقة ، بطولة #مرسي و #الاخوان   السنين	1	0
332	#حازم_الأمين يكتب : صرخة #سورية في وجه #أردوغان - Hatt Post | هات بوست	0	0
333	قناة العالم : قصف #روميو_البحرين البحرين بطائرات الاباتشي ولازال روميو مصر علي موقفه لاتراجع صمووووود رغم القمع الوحشي #بقبق #هع	1	0
334	"#تركيا بعملية عسكرية في الشمال السوري:  1 - لا تفعل ذلك حبّا بالسوريين او بالحرية او بالديمقراطية! 2 - لا تفعل ذلك كرها بـ #بوتين او بالاسد او بـ #خامنئي! 3 - لا تفعل ذلك كرها بـ #الكورد! 4 - بل تفعل ذلك بناءا على اتفاقيات ""سلّم واستلم"" مع #روسيا و #ايران و #الاسد!"	0	0
335	#عاجل | أردوغان: أود سؤال أمريكا التي تقول بأن عملية عفرين يجب أن تكون لمدة محددة، هل تحددت مدة بقائكم في أفغانستان؟ قبل وصولنا الحكم دخلتم العراق ومازلتم هناك	0	0
336	#حرس_جمهوري. أبو #11فيتو #بوتين يريد أن يقبل الشعب السوري عصابة #الأسد للأبد! #روسيا #أستانا #جنيف #فيينا #سوتشي #سوتشي_مؤتمر_الخيانة #الأسد_للمحكمة_لا_للمصالحة #سوريون_ضد_سوتشي	1	0
337	 شاهد الرئيس الروسي بوتين يشارك في عيد الغطاس المسيحي يغطس ويغوص في مياه البحيرة المتجمدة مؤديا الطقوس الدينية المسيحية الغرب + النصارى + اليهود يعتزون بدينهم بينما بعض المسلمين يستحون ويحاربون الالتزام و اقامة شعائر الاسلام 🌹#الاعتدال ⛔#الارهاب	0	0
338	@AmlMTaha ما تاخدي مرسي اهو زميل كفاح لتوحا وكانوا بيبوسوا ايد واحدة وواكلين مع بعض عيش وملح وعشرة وصاحبهم واحد اسمه خريت	1	1
339	نجل مرسي: الرئيس المعزول هو المفتاح الوحيد لحل الأزمة مرسي ولا الخراب يا امة ههه	1	1
340	احنا شعب #مرســـــــى قــــال فى #حظــــــر فى #السويس #بورسعيد #الاسماعليه النـــاس عملــــــــت #المظــــــــاهره الساعه 9	1	1
341	@rterdogan_ar يا حمار القايلة.. لك سنين وانت تمسح احذيت القاره الاوربية.. وقبل سته سنوات قبلت حذا بوتين..وغدا سوف نضع راسك تحت اقدامنا بأذن الله..	0	0
342	#الشروق| عقب الاحتفال بمئوية والده .. عبدالحكيم عبدالناصر يحرر توكيلا لـ«السيسي»    #عبد_الناصر #السيسي	0	0
343	@TRTalarabiya):  #أردوغان: عندما كان الرسول صلى الله عليه وسلم لوحده في المغارة قال...	0	0
344	"اعتقد أن لافتات عبيد البيادة اليوم ستكون ""فوضتك نفسي"" ثم يخرج مرسي في المساء ليقول ""وأنا قبلت"""	1	1
345	@Awal_Lulu: يقول كبير الخبراء في روسيا (فسواجوفيتش) أن بشار الأسد كان يخاف من أمرين (دخول صبحة في المعركة) و (جنطة فلوس المعاودة)	1	0
346	حد شاف #مرسى وهو فى الزرعه ؟؟	1	1
347	@naaaj_: من يتذكر حالات الاغماء ل هيلاري ونوبات السعال التي بدت واضحة الجديد انها طلعت مصابه بالخرف وكان اطبائها يخفون ذالك	0	0
348	#البطوله_الاسيويه_ال18_لليد ألف مبررروك للمنتخب السعودي الفوز على كوريا الجنوبية في أرضها وبين جماهيرها.	0	0
349	“@gharbeia: أنا مستني حد يرفع قضية في محكمة القضاء الإداري علشان يلغي القرار الإيجابي بإحالة مرسي و عنان للتقاعد.  ” همممم	1	1
350	#أحمدبلبع:نترقب سرعة موافقة #بوتين على عودة #السياحة_الروسية ..واستمرار #الحظر_الانجليزى…	0	0
351	"#تونس، حكاية ""بيناتنا فلسة"" متاع آمال السماوي.ديما يتبّعو فينا. أما أحنا الفلس متاعنا ما يقتلوش. شفتو نساء تونس آش تعمل ؟ وبعد يقلّك مبالغ فيها. #بيناتنا_فلسة #ترامب #كيم_جونغ_أون"	0	0
352	#الخائن_السيسي #مصر   #الأنقلاب_العسكري #أبو_ساره	1	0
353	masdrnews «ترامب» يطالب بمحاكمة «ابنة هيلاري كلينتون».. الرئيس الأمريكي يتهم «عرابة الإخوان» بتسليم أسرار واشنطن إلى عملاء أجانب	0	0
354	#عاجل #اردوغان : لا تراجع عن حل مشكلة #عفرين . #سوريا #تركيا #روسيااليوم	0	0
355	@khawlamagrebi لازم #مرسي يشوف حل لكلمات الأغاني في #مصر انا سمعت اطفال بمصر يغنوا اغنية تقول هاتي حتة يابت هاتي بوسة يابت   وقهر	1	1
356	الخرفان في اسطانبول دلوقتي عاملين مسرح و تظاهرات عشان اخوانهم الخرفان هنا ههههههههههههههههههههههه نبعتلكو السيسي يفض طيب؟ :P	1	1
357	#عاجل أردوغان : سوف ننسحب من سورية عندما نقضي على الإرهاب	0	0
358	الاسوانى بيقول ان علاقة قطر بالثقافة زى علاقة مرسى بناسا ههههههههههههههههههه @alaaaswany #قطر #morsi	1	1
359	يا وزارة الثقافة اتقوا الله ! فلوس تنكت ! وشالفايدة تييبون ثقافات الدول عندنا ، السايح لين يه بيقول شفت ثقافة مصر وايطاليا و و !   #قهر	1	1
360	#عاجل #التلفزيون_المصرى يقول ان هينقل كلمة #مرسى بعد قليل !!! وفجاه التلفزيون ينقل كلمة #احمد_نجاد #مصر   #الاعلام_المصرى	1	1
361	انا ليّ مطلب فئوي .. أُطالب حكومة مصر بتوفير خوذة لكل مولود مع شهادة الميلاد.   أخرى من واقع المفروض يؤلم #الرئيس	1	1
362	#السعودية لا ترغموني لارسال 200 الف جندي اوقفو اللعب والا مصيركم سيئ. التفاصيل في اول تعليق...	0	0
363	قالك الرئيس مرسى يتصل بحسان يسأله المشورة. كداب بيتصل بحرامى !!	1	1
364	الناس الى بتتقمص لما نشتم مرسى او ننتقده دول بيفكرونى بالمراهقين الى بيرتبطوا بس علشان يلاقوا حد يتكلموا عنه	1	1
365	لم نجح كيم جونغ اون وفشل صدام والقذافي في امتلاك أسلحة نووية؟:	0	0
366	صفحة (خيرت الشاطر رئيساً لمصر) حاطين صورة محمد مرسي :D	1	1
367	#الاهلي_يتعاقد_مع_عاطف_المسمار وهيكون اول مسمار يدق في نعش حسام البدري	1	0
368	#نشرة_الشروق| «السيسي»: أعربت لرئيس الوزراء الإثيوبي عن قلق مصر من جمود المفاوضات حول سد النهضة	0	0
369	 أردوغان  ينفذ تهديد للمعارضة التركية.. ويعتقل 24 شخصا #السعودية #صدى	0	0
370	@loliifree):  السيسي مش بعيد ياخد قرض مخصوص يغطي بيه تكاليف التوكيلات بتاعته !...	1	1
371	@Ibrahim_Elgarhi هههههه عملو زي القذافي لما قال لليبيين انه هينزل معاهم المظاهرات ضد الحكومه	1	1
372	البراك قال محنا فداوية لـ ذرية مبارك .. الوسمي غلط عـ الشيوخ .. و اليوم اثنينهم يطالبون بـ تطبيق قانون القذف و الشتم على جويهل   القدر	1	1
373	#اردوغان وقتل اكثر من ٦ جنود فی عقر دارهم ... قسما سوف تندمون یا #اخوان المجرمین ... لنا اجساد للموت الی یوم الموت لن نمل ونعشق الموت	0	0
374	#القدس عاصمة للكيان الصهيوني ببيانات الشجب والاستنكار.  كانت #حماس ورجالها يجهزون للرد ولكن بالطريقة التي يفهم هذا المحتل فكانت #عملية_نابلس رسالة #القسام للعدو أن هذه الأرض مهما بلغ جبروتكم ستبقى محرمة عليكم.  #امجاد_الضفة	0	0
375	 أردوغان لأكراد سوريا: الدعم الأميركي لن يهزم تركيا	0	0
376	@Ahmad4350عندما اذكر أسم العياط اتذكر دائما بائعي السبح والعطورات المضروبة في العتبة #مرسي_معفن كل شئ يشعرك بالقرف وخراب وشؤم على مصر	1	1
377	#ترامب يرفض في مقابلة التعليق حول ما إذا كان تحدث مع زعيم #كوريا_الشمالية: ربما لدي علاقة جيدة جداً مع كيم جونغ أون.	0	0
378	#روسيا باعت السوري الكردي و #تركيا باعت السوري العربي بالنهاية المباع #سوري #شعبي #سوريا #الشعب_السوري #غصن_الزيتون #الاكراد #الكرد #أدلب #مطار_ابو_الظهور #Syria #اردوغان #بوتين	0	0
379	#Syria الروس أعداء للشعب السوري كما تبين من استفتاء أجرته قاعدة حميميم لكن السفالة هي تبرير النتيجة بالقول أن أغلب الشعب السوري متطرفين .. عصابة بوتين غباؤهم مستفحل	0	0
380	#غرد_بالخير_للشهداء  رحلوا عنا وأشتقنا لهم كثيراً وربما لايعلمون مدى اشتياقنا لهم لكن لدينا رب يعلم ذلك منذ أن رحلوا ما زالوا في مخيلاتنا اللهم ارحمهم واغفر لهم	0	0
381	“@cnnarabic: وسط أجواء شديدة البرودة.. #بوتين يغوص في بحيرة متجمدة احتفالا بـ #عيد_الغطاس	0	0
382	#جمعة_مباركة و لا نقول سبت مبارك أو أحد مبارك أو اثنين مبارك أو حتى حسني مبارك ؟ يعني الجمعة وحدها مباركة و باقي أيام الأسبوع لا بركة فيها ؟  😀	1	0
383	ياسلام عليا وانا ماشية بالشمعدان...حاسة انى بمثل فيلم رعب....مش حارمنا من حاجة #مرسى يصراحة...	1	1
384	"أجادت الدول الاستعمارية التلاعب بالخلافات المحلية دائما، وتستخدم حاليا الأقليات، وتحرك الخلافات الإقليمية عن طريق حركات الإنفصال أو التمرد أو ""الجهاديين"". ومن الأمثلة القريبة: استزراع داعش في منطقة لتغييرها، أو الإتهام بالتشدد ودعم داعش."	0	0
385	#راحت_حياتي_وانا_ماقلت كل ال نفسي اقوله لكل حد تعبلي نفسيتي انتم كلكم جرزان بصوت القذافي	0	0
386	#اردوغان يعيد للاذهان صور بشار الاسد وهو مذلول امام سيده بوتين اللهم ذِل و انتقم من كل شخص أذى السوريين و تاجر بهم	0	0
387	"رؤساء التحرير | الثورة فن #مصر #فن   #الإتحادية #موسيقى الثورة فن : اغنية اليوم "" حبيبتى من ضفايرها طل..."	1	0
388	#كيم_جونغ_أون: زري أكبر من زرك! #كوريا_الشمالية #أمريكا #لعب_عيال	1	0
389	في اكتر من هيك   انهم اوقفو خطيب مسجد بالسعوديه بسبب دعاءه على السيسي واتهامه بادخال السياسه في الخطبه	0	1
390	واحد من المتأسلمين بيقول سنعلن الجهاد اذا تم المساس بشرعيه مرسي جتك جيبه روح هاتلك بمبرز وتعال عشان تجاهد بيه #مصر	1	1
391	@doaa_elbialy انا بتفرج ع الاعادة دلوقت . .   . . بهدلهم بجد #النهضة مش عارف بأنهي وش هيتكلموا #التخوان بعد حلقة باسم يوسف دي :-)	0	1
392	#كيم_جونغ_أون: انعزالي ومهووس بكرة السلة وألعاب الكمبيوتر  الرابط البديل:	0	0
393	وقالها #حازم_ابو_اسماعيل زمان ----- سنحيا خرافا .. المشكلة مش فى خرافا دى !! المشكلة فى ان حازم ده اصلا عجل :D :D #باسم_يوسف_استايل	1	1
394	@sawsanalshaer محد مرتبك. ويطاقع. في. ثيابه الا. انتي. ومعزبح. ابو جاكيت احمر. مرتبكين. خايفين ايران تحتلكم. ومردها بتحتلكم. لان البحرين كلها شيعه انتي وابو جاكيت احمر. والمعجزه. مردكم. على. لوكندا. عند السيسي.	0	0
395	امبارح ابو العيال لف عشان يمون العربيه مافيش بنزين ويقولك انتو مش بتدو مرسي فرصه	1	1
396	#مرسي الجبان بيثبت الجيش..!! ناقص يقولهم ابوس ايديكوا متعملوش عليا انقلاب..!!	1	1
397	 هل ياتري سمعت وزارة العدل في ليبيا الشقيقة بهذه القضية وتابعت هذا الملف وغيرها من القضايا ذات الصلة بانتهاكات حقوق الانسان وجرائم الاغتيال السياسي والتحريض عليه في بلادهم في زمن القذافي ومايجري اليوم بواسطة بعض المنفلتين	0	0
398	يتغير المكان من @ontveg الي @cbc_egy ويفضل #باسم_يوسف زي ما هو   السنين #ربنا_يسترها عليك ومتكونش الحلقة الاولي والاخيرة	0	0
399	#عام_2011 محمود عبدالعزيز:مرتبات الليبيين مفروض 4000 دولار شهرياً غيداء التواتي:رفضت مقابلة القذافي وقتله اني مدونة مانتبعش حد	0	0
400	@LoLaMahdi اسمعي أغنية أوباما لحسام كامل	0	0
401	من مكتسبات #30_يونيو ان حسام بدراوى بقا محافظ القاهرة #مصر	1	1
402	#خبر_مقتل_سيف_الاسلام_القذافي .  ■#حول خبر مقتل سيف الإسلام القذافي لأكثر من 6 أشهر مضت ولم يفصح عنها إلا...	0	0
403	  ساركوزي يبوس موزا قدام الله وخلقه وأنتم منكسين رؤسكم مثل النعام هذي هي الدياثة  😂 😂 😂 😂 😂	1	1
404	#خطاب‏_بشار تناقض يقول نحن نقاتل إرهابية بعدين يتناقض خلاص بنسامحكم والكل يسامح الكل   أقول (فاتكم القطار !!)	1	1
405	#صباح_العربية  يارب الالبوم لي	0	0
406	#الحقيقة ترامب ينفي نقل السفارة الأمريكية إلى القدس خلال عام	0	0
407	حط كلمه #الاخوان او #مرسى فى جمله فيها شتيمه هتبقه ثائر ومناضل وميه فل وعشره كمان...  #مصر	1	1
408	"واحد كاتب في صفحة خيرت الشاطر ""اللهم أهلك الأمريكان ماعدا والدة الشيخ حازم واخوته وأبناء الرئيس مرسي"" ههههههه   Via @mfathypress"	1	1
409	#الشيخه_موزا_مصدر_خرابنا الشيخة موزة بنتنا وحنا خوالها ... وبعض الكلام ماله داعي عيب ارتقو بأخلاقكم القذف حرام ... حلاوة مصر وخفة الدم (حتى بالقران  🙊)	0	0
410	"@dentistEnzi: ""ااه يا بلد .. الشيخ فيكي ياخد رصاصة ، والمصحف تاخده الرقاصة !"" مصر خربت يا جدعااااان #عجبي"	1	1
411	#ترامب : #المكسيك ستدفع 20 مليار دولار لبناء الجدار الحدودي بطريقة مباشرة أو غير مباشرة أو على فترات سداد أطول	0	0
412	#السيسي الأمة تعرضت لضربات عنيفة على مدار 50 عاما.. والغفلة تصنع المؤامرة وطبعا الغفله دي من كل حكام المنطقه بما فيهم حسني مبارك معروفه يعني #حكاية_وطن	0	0
413	المحكمه الدستوريه مسخره مرسي النهارده وتعلن التحدي بانها لن تخضع لاي طغوط مهما بلغت حتي ولو كان الثمن ارواح قضاتها #مصر   #تحرير	0	1
414	الحكم الصادر بحق #حسني_مبارك سياسي أكثر من أنهُ قضائي فهل يُعقل أن يحاكم مبارك والعادلي بالمؤبد وكل معاونيهم براءة؟   @BahrainNation	0	0
415	@SawSanSalleem و بنقول خايفين نبقى باكستان و رئيسهم بيطمنهم انهم مش حيبقوا مصر	1	1
416	#هيلاري_كلينتون المشبوهة ويحقق في تلقيها تبرعات لمؤسسة زوجها #أمريكا #الديوان...	0	0
417	… قناة الفراعين: الرجلان اللذان أنقذا مصر من ثورة 25 يناير، السيسي وتوفيق عكاشه #حشيش”	0	0
418	#سامي_عنان يقولون ان مصر تحولت الي كوريا الشمالية ولكنها استبدلت الزر النووي بالرز الخليجي	1	0
419	#مبارك طلع براءة - طيب الإختراع اللي إسمه محكمةشو وظيفته؟! - هذا لتبرئةالنظيفين مثل مبارك وإعطاء شهادةجواز القتل للفاسدين مثل #مرسي	1	1
420	حملة #مرسي شغالين بأجهزة Core i7، وحملة #شفيق Core 2Dou أما #اللجنة_العليا_للانتخابات شكلهم بيجمعوا الأرقام بصوابعهم. #مصر	1	1
421	شبيه مرسي يخدع الاخوان الحمقى	1	1
422	#مرسي اول رئيس مدني منتخب يلف عالبلاد يشحت الاهانة والمسخرة !! اه والله	1	1
423	قالوا كل حاجة عن مرسي مش فاضل غير إنهم يقولوا انه تم إغتياله ، ويطلع بتوع رابعة يقولوا ﻷ ده تم رفعه إلى السماء	1	1
424	السيسي لشعب مصر احنا قمنا بانقلاب عشان نمنع الحرب الاهليه و دعونا للحرب الاهليه حتي ينجح الانقلاب :))))   !	1	1
425	#ترامب: كيم جونغ أون يعرف أني لا أمزح بتاتا	0	0
426	‏​قابوس يهنئ بشار الاسد برمضان(من موقع وزارة الاعلام العمانية) أصلا وجودك مثل عدمك خلك مع سباق الحمير أبرك لك :)	1	1
427	#الشيخة_موزة_بنت_ناصر  كنتي ومازلتي قدوة لكل بنت قطرية إنتي الي تعطينا أمل وتزيدنا قوة الله يحفظج لنا أُمنا_كلنا  💜 👏🏻	0	0
428	#عاجل #السيسي يقرر تكليف اللواء عباس كامل بتسييرأعمال جهاز المخابرات العامة بعد اعفاء الوزير خالد فوزي من منصبه #مصر #تغييرات	0	0
429	#سوتشي لبيع تضحيات شعبنا. فقد تراجع الأعضاء عن المسودة الرافضة، بعد ان أتت ضغوط من الدول التي تدفع معاشات كل عضو منهم. #بشار_الاسد جلب الاحتلال الى ارضنا، و خزلان العالم جلب الاحتلال الى معارضتنا. #بوتين مجرم حرب و كل ذاهب اليه خائن.	0	0
430	  إن كتبت شعر قالوا تقط نغزات إن كتبت عن مرسي قالوا انت كن الاخوان إن كتبت عن السيسي قالواانت خارج عن المله قايلكم اخر العلاج الكي🚬😉	1	1
431	"معرفتكش انا كدة؟؟ #مصر ينتهكها #تجار_دين   #مرسي || ""@DostorNews : برهامي: الإخوان يساعدون الشيعة في إحياء مظاهر الشرك بالله"""	1	1
432	#اثيوبيا السيسي بيقول لرئيس وزراء إثيوبيا المصريين حيسمعوا منك مش حيسمعوا مني هو الميزه فيك انك متأكد أن المصريين فاقدين الثقه فيك ويصدقوا اي حد ولا يصدقوك #اثيوبيا_علمت_عالسيسي	1	0
433	من هنا ورايح اي تغريدة لينا المفروض يكون في اخرها شكر للفريق #السيسي التعليمات بتقول كدة   والله	1	0
434	هو مرسي بيرد بتويتة علشان خايف السيسي يعرف بكلامه ده	1	1
435	إبراهيم عيسى يكشف سر اختيار الرئيس السادات حسنى مبارك نائبا له ..فيديو | عرب نت 5	0	0
436	"بكرة نشوف مبارك بيرسم جرافيتى فالشارع وبيكتب ""مكملين ""."	1	1
437	شو واسق بحالو شو قلبو قوي #مرسي   #خروف هاهاها	1	1
438	#محمد_مرسى جاب هدفين فى #الزمالك طب والله كويس اهو الاسم نفع فى اى حاجه #مصر #نهضه	1	1
439	أحلفلك تانى اقسم بالله العظيم أنا اللى قتلت الملك عبد الله ملك السعودية وحفيد حسنى مبارك الرئيس الاسبق	0	1
440	  بشار يصرح بإنو المتظاهرين ماهم إلا عاطلون يتلقون أجر مادي شو مشان يلي بيموتوا برصاص عصابتك يابشار !!!!!!	1	1
441	"قسد تتهم نظام أردوغان بتنفيذ اعتداء ""الريحانية"" |"	0	0
442	#مصر . #عباس_كامل مدير مكتب السيسي ورئيس جهاز #المخابرات_العامة ومدرسة لغة فرنسية لحد ما يجيبوا حد 🤣	1	0
443	 مش ده عباس كامل المخترق امنيا اللى التسريبات طلعت من مكتبه بجد بجد صاحب القرار بعافية شويتين نفس الدوامة اهل الثقة ابدى من اهل الخبرة #السيسي #عباس_كامل #المخابرات_العامة #قرارات #تسريبات_مكملين	1	1
444	 الواحد عايز يترمي في حضن حسني مبارك ويعييييييط 😃😃😂😂	1	1
445	#اعتقال_المخترع_سعيد_الزهراني لن يكون الاخير،،  يجب تغيير سياسة الابتعاث الى دول اخرى تحترم مواطنينا  اليابان الصين روسيا كوريا المانيا بلجيكا	0	0
446	  #مرسى والشعب يحتشد ورا مين يا بغل .. بصفتك ايه ؟؟ ده انت محتلنا انت وجماعتك ومغتصب سلطه .. اتكلم عن الاقفاص اللى فى الاجتماع معاك	1	1
447	الاخوان فى السجن , البرادعى فى النمسا , مبارك اخلاء سبيل شكلنا هنلعب من الاول تانى	1	1
448	اتفق بارك اوباما بس هيلاري تخسيييي	0	1
449	باسم عودة بيقول أيام مرسي مفيش ايد اتمدت ع أي مصرية .... مش بقلكم دول أساسا مكنوش عايشين ف البلد.. -_-	1	1
450	اجزم ان أهم اسباب خراب ليبيا هو تحريض قطر واموالها وقناة الجزيرة التابعة للحكومه القطرية وتركيا وموقعها بحلف الناتو و لولا قطر وتركيا مانجح استعراض ساركوزي بعدها الدولة دخلت مرحلة الفوضى وحرب الدواعش في مابينهم وهالمرحلة صعب تنحل او تطلع منها اي دولة	0	0
451	رئيس البرلمان الاوربي مسخر مرسي ايوه انا فرحان بما يقولوه عن مرسي في الخارج لان ده اول رئيس يعمل كده في الداخل #مصر   #تحرير	1	1
452	@zaher39355642 يا ابن الحرام تضحك على أطفال ونساء سوريا الذين تهجرهم طائرات بوتين تفووو عليك 💦	0	0
453	#نيوزيلندا : إدموند هيلاري Sir Edmund Hillary مكتشف نيوزيلندي يُعتبر من أول شخص يصل إلى قمة جبل إيفرست Mount Everest وهي أعلى قمة في العالم. 🧗🏻‍♂️	0	0
454	اوباما ورومني مناظرتهما الثانية: الليلة التي تم فيها دعس وسحق الخال اوباما #ksa #السعودية #سياسة   via @youtube	1	0
455	شفيق: محاكمة مبارك تثبت أنه لا أحد فوق المحاسبة وهي درس لكل رئيس قادم   :D :D	1	1
456	#سعوديات_نفخر_بولايه_اهلنا_لنا سؤال : ليش المرأة الغربية تتسمى بإسم زوجها بدل ابوها مثل هيلاري كلينتون ميشيل اوباما ؟؟؟؟؟؟	0	0
457	علي قناه التحرير الان السلفيين يستولون علي المخابز بتوزيع العيش مجانا بشرط الخروج في مليونيه تاييد مرسي الحقوا شوفوا الان #مصر   #تحرير	1	1
458	مصر تلاعب بدرجات إمتحان الدكتوراة لإنجاح طالب راسب #بطب المنصورة	0	0
459	ابتزاز المعارضين بأعراضهم ، لم يفعلها اي نظام في العالم الا ثلاثة أنظمة، نظام بشار ،، نظام القذافي ، نظام الحمدين..  خساسة ودناءة وقلة مروءة وشيمه ،،؛	0	1
460	في ظل تحول البلاد خلال اقل من شهر بعرس ديمقراطي جديد .. اجد بعض شعبي ينتقد ويشتم ويخون ماحصل ليلة امس في المحروسه مصر !   الواقع !!	1	1
461	#بوتين يغطسفي بحيرة متجمدة احتفالا بـ”عيد الغطاس”	0	0
462	  القدر: تشيل #شفيق رئيس الوزرا المتعين يقوم يجيلك ريس منتخب! #ده_باينه_جايلي_انا_بقي #مصر	1	1
463	#بوتين يشارك في عيد الغطاس ويتعمّد بمياه بحيرة سيليغير المتجمدة	0	0
464	حفل تخريج طيارين في السودان ^في هذا اليوم المبارك اي مبارك الله يهديك الناس طارت #ههههههههه	1	1
465	"#بوتين: عندما يتباهى #ترامب و #كيم_جونغ_أون ""بأزرارهم النووية"" أرى أن كيم ربح ""هذه اللعبة"""	0	0
466	#الراجل_اللى_ورا_ابومازن دخل فى كريزة ضحك .. بعد ما الرئيس الفلسطينى قال محمد حسنى بدلا من محمد مرسى !   :))))	0	1
467	"«أبو حامض» يطالب بإجراء حاسم مع الشيخ محمد جبريل لدعائه على ""السيسي"" هعهعهعهعهعهعهعهع"	0	1
468	#العملات_الرقمية في خلال اقل من شهر  الخبر هذا ممكن و الله أعلم إنه راح يشعلل السوق!  الخبر نُشر في موقع  المصدر:	0	0
469	تاريخ قانون و جرائم وعقوبات و تصالح و تحكيم الله يخربيت حقوق على اللي عملوا حقوق على دكاترة حقوق ، الله يخربيتك يا #مرسي   :-D :-D	1	1
470	عارف الفرق وانت بتتفرج علي #ذا_فويس وتتفرج بعديه علي #صوت_الحياة نفس الفرق بعد حوار لل #البرادعي او #ابوالفتوح و #مرسي !!!   #وكسة	1	1
471	باتفرج علي حلقة باسم يوسف و عاجباني اوي بصراحة .... لغاية دلوقتي	0	1
472	"هههههههههههههههههههههه هوا مرسي كتب الردود ومسحها ليه ؟؟ بعتها ""دي ام"" للاهل والعشيرة !!!"	1	1
473	احسنت هي جرعه مثل مليارات الصحوات التي صنعت داعش لننتظر ماذا ستصنع التعويضات	0	0
474	#صباح_العربية والله اليوم غايبه عشان اشوف اللقاء ف قدرو تعبي واعطوني الالبوم	0	0
475	#سامي_عنان قد انتهت بما يقال عنه اعتقال فليتمهل.. الامر لم ينتهي بعد.. مزيد من المفاجأت قادمة باذن الله. السيسي قد وقع في الفخ، وربما ستلغي الانتخابات او تؤجل ولكن ماهو مؤكد ان السيسي سيترك القصر قريبا راقدا او مقيدا. #عنان_مزور_ومكانه_اللومان #كوريا_الشِماليه	0	0
476	مبارك الدويلة:مجلس الصوت الواحد خطر عالكويت الجرأة بضرب رجال الأمن بالمولوتوف والألعاب النارية هذا مايضعف هيبة القانون وخطر عالكويت؟	1	0
477	نظام الحكم يجب ان لاتسهل اطاحته حتى لايكون الحال كما هو عليه في مصر ..#نظام حكم على مزاج الشعب	1	1
478	#الشيخه_موزا_مصدر_خرابنا . الشيخه موزه نعتبرها من نساء الخليج الكريمات اما الي يطعن فيها فهو ناقص رجولة والحسابات الوهميه هي الخطر الاكبر	0	0
479	"شكاوى جديدة بحق الاعلامي باسم يوسف فإلى جانب إهانة #مرسي والاسلام، يوجه له اليوم تهمة ""تعكير الصفو العام""   #مصر @DrBassemYoussef"	1	0
480	#قضـاء مصـر الشـامخ .. #سخـريـة	1	0
481	"@General90761422  مرسي عمل ايه بالضبط عشان تقول ""مرسى أقسم على إحترام دستور ثم حنث بقسمه""؟ احداث مصر وضحت لنا المعاني العميقة عن نفس الانسان في #قصة_موسى_وفرعون و هي القصة الاكثر تكررا بالقرآن الكريم بمقاطع متنوعه, #الاستبداد و #الطغيان وفعل #حطب_جهنم في"	0	0
482	@AAriny @M0ZHEL تعرييييض سياسي :)) اللي خلي صبحي صالح يتغدي في 6 اكتوبر مش هيخليه يدافع عن باسم يوسف :))   يا خال	1	1
483	#دون_سلمان_الحزم_جيش_شهران  ياملكنا جعل يفداك الكذوب داعش وعفاش والحوثي الكذوب  الله يعزكم ⚡️	0	0
484	#الرئيس الوحيد الذي جاء بانتخابات حقيقية فسمح بوجود معارضة ضده ورفض التفريط بخيارات الشعب بانتخابه أو التنازل إلى بضعة عساكر يتقاتلون من أجل الكرسي وقال أن ثمن الشرعية هي حياتي! #سامي_عنان #مينفعش_تترشح_عشان	0	1
485	#توقعات_سامي_صيدم اعلاني ان ترمب سيفوز في 8 نوفمبر 2016 وستخسر هيلاري. راجع تاريخ التغريدة	0	0
486	#الشيخه_موزا_مصدر_خرابنا الشيخه موزه ام الايتام ورائدة التعليم، حجم الإساءة لها متساوي تماماً مع الحالة النفسية التي وصلوا لها هناك، تكرمين يا أم جاسم ونبح الكلاب عمره ما ضر السحاب.	0	0
487	مبارك يرد علي الكتاتني روح جاهد هوة انا حايشك  : via @youtube	0	1
488	حلو اوى لعب مرسى وجماعته ده .. هى الناس دى بتاكل ايه ؟؟؟ بى بى ! #النهضة #مصر #مرسى #اخوان #رصد   #اعلام	1	1
489	أه و نسيت كمان عمرو موسي ‏..و طلعوا جمال و علاء و مبارك من السجن بالمره‎ ‎!! :D   #مصر	1	1
490	اجل خدمه ضيوف هاه معلومه من كيسك بعدين بوتين ذيك الايام في العشرين بزر	0	0
491	"#ترامب يعلن عن قائمة الفائزين بجوائز ""الأخبار المزيفة"""	0	0
492	#بغداد فين البغدادي الحين هيلاري واوباما فين وديتوه؟ قتلتوه؟والالسه بتخططواكمان وتوصلواله الاوامرعن طريق الضباط او النصيريه او الكم داعشي اللي لسه موجودين والا خلاص صاركرت محروق؟ اللي يعرف أخبار عنه يقولها	1	0
493	#مينفعش_تترشح_عشان لأنك مصري مسير ولست مخير أنتم على أبواب النظام الديكتاتوري أو نظام الحزب الواحد التاريخ يكرر نفسه عهد حسني مبارك يتكرر مع السيسي	0	0
494	#مين_بترشح كيم جونغ أون حتى يحرق كل المسؤولين اللبنانية.😂	0	0
495	@Mohamed57045836 مكيدة في هيلاري كلينتون	0	0
496	#غصن_الزيتون اتبث بما لايدع مجالآ للشك ان  الجيش الحر اصبح اداه لحماية مصالح تركيا وتركيا على استعداد ان تضحي باالسوريين وسوريا لمصلحة امنها القومي وكلنا نذكر مقولة اردوغان حلب خط احمر ....	0	0
497	- بقولك يا اسطي .. هو لسة فاضل كتير علي كوريا الشمالية؟ = يوووووه .. انت لسة هنا، احنا عدينا كوريا من محطتين كده #قد_الدنيا	1	1
498	فريدالديب عن اكذوبة التوريث مبارك قالى بقى بعد عذاب 30 سنة احط ابنى فالنار دى!جمال مبارك كان عاوز يخدم ويساعد ولكنه لم يطمح لحكم مصر	1	1
499	مش بيقول #مهزوز_ليه يا جدعان الاتنين مش عارفين اسم وزير السياحة شفتوا الخيبة..السيسي:عزوز ايه؟ -مرسي:عزوز بتاع السياحة -قنديل: زعزوع	1	1
500	 ١- القذافي:😃 للمراه حقوق سواء ان كانت ذكر او انثي ٢- احلام:😃 ماراح اقول احسنتي ورؤعه لانك احسنتي ورؤعه 😊	0	0
501	#عباس_كامل يدل على أن البارانويا زادت بشدة عند السيسي.  الخوف أنه بعد قليل سيدخل في مرحلة سعار كامل	0	0
502	@JasemMurad أردوغان بغل ؟ و حاكمك؟ غزال حر أبي إرادته السياسية وطنية ثورية مستقلة ؟	1	0
503	لو قيادات الخليج كانوا سمعو عن مشكلة بوعزيزي قبل ما يحرق نفسه و ادوله شغلانة هناك مكناش وصلنا للى احنا فيه ! #حقيقة #مصر #ضد_الانقلاب	1	1
504	“@Almufarreh:مدرس بدنية يهتك عرض طالب يبلغ 12 عاما في مدرسة بمحافظة مبارك الكبير ووالده يتقدم ببلاغ حاملا رسائل تحريض على هاتف ابنه	0	0
505	بشار الأسد يعلن تنحيه و موافقته على الامتثال للمحاكمة أمام القضاء المصري العادل !!   #أكذوبة	1	1
506	عار على امة كان قائدها جمال عبدالناصر و اصبح محمد بيك مرسي	1	1
507	"  الثنائي المضحك : حاليّاً ""إبليس""  هرب إلى (جهنم) و ""بشّار""  هرب إلى حزب الله (لبنان) روحة بلا رجعة يا رب"	1	1
508	قيادي بالاخوان يتهم محمد بن زايد وضاحي خلفان وشيوخ قطر بتشكيل خليه بالتعاون مع جبهة الانقاذ لخطف محمد مرسي   وكلام فاضي	0	1
509	عاااااااااااااااااااااااجل #السيسي   هههههههههه السيسي هيرشح نفسه للرئاسة المصدر جريدة اليوم السابع:	0	0
510	اخواني كاتب: اللي انتخبو شفيق هما اللي دلوقتي ضد مرسي وافكركو انه كسب...واحد رد: فعلا بس تفتكر مين هيمسك بعده...هههههههههههههههههههه	1	1
511	  عم الحاج مرسى بيحاول يخالف مبارك الل كان بيقول إنه واخد دكتوراة ف العند..مرسى بقى كلمة تجيبه وكلمة توديه..ريسنا زى المرجيحة :(	1	1
512	#بوتين قوية ولا يزال في الطليعة #rtarabic	0	0
513	بما انه #مرسي متهم بالتخابر مع #حماس على هيك المحكمة الجاي في محكمة سالم الصهيونية!!	1	1
514	دايما بيبهرونا بتبريراتهم، بس المرادي الإبهار فاق الحد #الإخوان #كاذبون   #حوار_مرسي	1	1
515	#باسم_يوسف قطري حبيبي ، الاخ الأصغر هنبيعله الهرم ونجيب اتنين غيره	0	0
516	#ترامب ينفي نقل السفارة الأمريكية إلى #القدس خلال عام  #دولية	0	0
517	#ليبيا ..هل يريد الأوروبيون تحويلها إلى ساحة للمهاجرين الفقراء الافارقة؟ لماذا اجتاحها الاطلسي وتركها تحترق بنار ١٦٠٠ ميليشيا ؟ من نهب مالها وينهب نفطها؟ من قتل العقيد معمر القذافي #لعبة_الأمم. قناة #الميادين .8.30 ليلا بتوقيت #القدس	0	0
518	#فوتو7 | السيسى ورئيس وزراء إثيوبيا: النيل مصدر للتنمية وليس الصراع	0	0
519	لو دخلت شوفت تعليقات #المصريين على صفحة #أوباما هتعرف اد ايه احنا شعب   و #أهبل و #على_نياته اووى وتعرف برده اد ايه احنا بنحب #مصر اووى	1	1
520	#عاجل #أردوغان: تركيا ليست لديها أي أطماع بحفنة تراب من سوريا هدفنا فقط محاربة الإرهاب وحفظ أمننا القومي وتمكين السوريين من العودة إلى منازلهم	0	0
521	فيه البعض من نشطا الهبل نازلين شتيمه في السيسي ماكنوش بيشتمو مرسي ولا الاخوان بس الان بيشتمو عشان يبقو كدا ثوار مايعرفوش انهم انكشفو	0	1
522	… ترامب يكذّب نتنياهو: لن أنقل السفارة للقدس...	0	0
523	سبب سرعة استنتاجات كيري و اوباما و هولاند : فرع المعلومات بقوى الأمن الداخلي .	0	0
524	@osamagharib1 عاااااااجل #السيسي   هههههههههه السيسي هيرشح نفسه للرئاسة المصدر جريدة اليوم السابع:	0	0
525	#الحداثة ؟  ٣: ما صرح به الرئيس الفرنسي السابق ساركوزي في حملته الانتخابية في فرنسا من وجود نسبية فكرية وأخلاقية بمعنى آخر الشكوى من انعدام الموازين الفكرية والأخلاقية في المجتمع الفرنسي بصورة خاصة والمجتمع الأوربي والغربي بصورة عامة.	0	0
526	@HasanAljaber @MoosaGhuraifi المرة دي شدّة ودان يا سعادة الريّس و إوعى تعملها تآني .. ! #محاكمة_مبارك #مصر   #Egpyt	1	1
527	#البرادعى ساخرا من باسم يوسف: سأتهمك بازدراء #تويتر #مصر #يحدث #الاخوان #سلفى	0	0
528	ومن كتر الحب الشجر بقى بينبت مؤيدين   #باسم_يوسف	1	1
529	ملخص خطاب مرسي كل الحبايب اتنين اتنين وانا اللي عايش وحداني وبالاحضان بالاحضان بالاحضان   #ثورة_على_مرسى #تحرير	1	1
530	#السيسي لفترة رئاسة جديدة	0	0
531	#السيسي: نعمل على تكوين وعاء استثماري مشترك بين مصر والسودان وإثيوبيا #ONLIVE	0	0
532	masdrnews مكتب التحقيقات الفيدرالي الأمريكي يلاحق هيلاري كلينتون بتحقيق جديد	0	0
533	اتحداكم لو لقيتها إنسان واحد واحد منصب في الجامعة دي و مابينفذش أجندة اوباما- هيلاري بالحرف، دول متنقيين يا جماعه مش موجودين في أماكنهم دي بالصدفة	0	1
534	مبارك هينزل التحرير و يقول : ثوار احرار هنكمل المشوار	1	1
535	"#مدير #وكالة #المخابرات #المركزية #الامريكية: ""فلاديمير بوتين"" يحاول استعادة عظمة ""روسيا"" واعادة احياء ""الاتحاد السوفيتي"": #بومبيو: ادارة ""ترامب"" تدرك تماما أنه يجب علينا التصدي ل""روسيا""حيثما نجدها:"	0	0
536	بيطالبو بخروج الاخوان من السجن بعد كل الجرايم دي طيب يالا نخرج مبارك وجمال وعز بقي	1	1
537	@gaberalkarmoty انتا مولع الدنيا ليه يا قرمط؟ معلش احنا بنتكلم . #بيس_يا_مان #شفيق_يا_راجل #مصر #الاخوان #مرسي #الدستور #البرادعي	1	1
538	 مصرع شخص و اصابة 3 فى انقلاب... #مصر #الاتحادية #اخوان 	0	0
539	#غرد_بالخير_للشهداء  المقابر مدن ممتلئة سكانا غلفوا بالصمت الأبدي يرقبون دعاء من حي يهتفُ بأسمائهم فيارب ؛ اغفر لهم وآنس وحشة ظلمتهم...	0	0
540	81 % من الشعب الروسي يؤيدون بوتين في الانتخابات	0	0
541	@realDonaldTrump ياريت انت ولا كيم جونغ اون تقرصو ع الزر النووي وتريحونا!	0	0
542	•• انا معگ إنسآن طيب ونسّاي وقلبي لبوح السرّ والحزن مرسى آخذ جروحگ كلهآ بـ كف يمنآي والعمر يخفي دمع عينگ وينسى  . 🦋	0	0
543	@aa_arabic):  استطلاع: 73% من الروس سيصوتون لـ #بوتين بانتخابات الرئاسة...	0	0
544	إحنا عمرنا ما حبينا ريس دوله ذى السيسي لأنه صادق وتحس أنه قريب منك	0	0
545	@Turki_alalshikh على تكفله بصفقة اللاعب أشرف بن شرقي ونتنمى من سعادته شراء هذا المنزل لإقامة اللاعب المغربي #شكرا_تركي_آل_الشيخ  #بن_شرقي_هلالي	0	0
546	(نيويورك تايمز) يعنى إعلام #فلول يا #مرسي واخد بالك انت و #الإخوان ؟؟ #إخوان_كاذبون #تجار_دين   #مصر أكبر منكم.	1	1
547	اتوقع استاذ عمرو ان المخابرات العامة لم تعمل ضد رئيسنا الدكتور مرسي و لكن المخابرات الحربية هي من فعلت ذل لذا فان السيسي ينتقم منها و قد صفى معظم القادة الحقيقيين لها	0	0
548	#شؤون_أفريقية #ليبيا #Libya  1-اعتقلت السلطات البريطانية، الأحد، رجل الأعمال الفرنسي ألكسندر جوهري في #لندن في إطار التحقيق في احتمال تمويل ليبي للحملة الانتخابية للرئيس الفرنسي الأسبق نيكولا ساركوزي في العام 2007.	0	0
549	  طلع في طيارات شغالة ب #مصر وبتعرف تقصف ونحنا كنا مفكرين انها مصدية ومتعطلة مشان هيك ما تحركت لنجدتنا بسوريا اخس يا #مرسي #سوريا	1	1
550	خالد النبوي يسخر من مليونية #الإخوان لتحرير القدس #مرسى #تمرد #حقيقة   | حقوق دوت كوم: عبر @hoqookdotcom	0	0
551	عاجل : عودة زين العابدين بن علي و حسني مبارك و القذافي و صالح للحكم استنادا على حكم المحكمة   #مرتشين #2009	1	1
552	#الشعب_يكره_تميم موزة العايبه عشيقة ساركوزي بددت الثروة القطرية على المتزقة الخونه	1	0
553	@manamavoice1 اه منك يا حوسني لسه جاااامد..شوي شوي للبراءه من باقي التهم #قضاء   #اخوان #مرسي	1	1
554	يا عم المرشد انت جماعه الاخوان بتاعتك .. الرقص على الحبال ده فى السيرك بس ! #مصر #الجزيرة #العربية #رصد #اخوان   #المرشد #مرسى #Egypt	1	1
555	#تميم يضن انه بتحالفه مع ايران واذنابها واردغان واخونجيته وارتمائه في احضانهم سيغيض الدول المقاطعه!  صدقني ماحد فكر فيك لا انت ولا بعمك روحاني  قبلك ارتمت موزه في احضان ساركوزي وتوني بلير وغيرهم من رؤساء العالم لخيانه الامه الاسلاميه والعربيه وهاهي تحصد مازرعته داخل #قطر	0	0
556	#انتي_اخرسي بديت احب الكواريه وهذا عشقي 😍😍😍 كيم جونغ أون ياخي مجنون 😬😂😂😂	0	0
557	حكمٌ بالإعدام.. فلسطينيون يندِّدون بقرار ترامب حول الأونروا: كرامتنا وأمننا في خطر	0	0
558	أ ف ب: البيت الابيض ينفي صحة تصريح لدونالد #ترامب حول علاقته الجيدة مع #كيم_جونغ_اون #أخبار_الآن	0	0
559	#اردوغان يقلد زعيم #كوريا_الشمالية كيم جونغ اون في تهديداته الى #امريكا وذلك ضمن حملة تشويش من خلال اعلامه الذي ينقل انهم يحذرون امريكا، ويتوعدونها في وقت نجد فيه أن الامر ماهو الا استرجاء عطف واشنطن فترامب ومنذ ان استلم الرئاسة اطاح باي دور تركي في المنطقة واختار #كوباني و YPG.	0	0
560	#ترامب بل الشعب الذي أنتخبك 😊 #البيت_الابيض	0	0
561	"#الولايات_المتحدة: ترامب لـ ""وول ستريت جورنال"": ربما لدي علاقة جيدة جداً مع زعيم كوريا الشمالية كيم جونغ أون"	0	0
562	  مرسى: من هنا ورايح مافيش فلول..أنا الفلول:-))	1	1
563	#خطط_والباقي_علينا شلون اتزوج ايڤانكا ترامب 😢😢	0	0
564	العصيان المدني يبقي الحل حينما عصا الرئيس العقل والقانون والمنطق وسلم نفسه للفوضي ليثبت بها اركان عرشه فعصا وطنه #مصر #مرسى   #تحرير	0	1
565	"#روسيا - على ما يبدو - من التعايش مع ""العرّاب"" المافيوي و ""القوميسار"" الأمني.... إلى تأليه ""الحاكم السوبرمان"" القادر على كل شيء! منظر يذكرنا بنهايات عهد #ماو تسي تونغ وشيخوخته في #الصين... عندما كان يسبح في نهر اليانغتسي بعز #الشتاء!"	0	0
566	ثورنا علي مبارك عشان التوريث لجمال جالنا جماعه بتورث الحكم والوزارات للجماعه واقارب مرسي ايه الهنا اللي احنا فيه دا	1	1
567	عنايت| #مرشد_الاخوان الآن هو رجب #أردوغان!.. لووووووووول	1	1
568	لقد اقتربت خطوة إلى الفوز بالرئاسة وبدأت بسحق منافسي الواحد تلو الآخر بانتظار مواجهة العبد اللقيط اوباما #q8 #السعودية #فلسفة  	1	1
569	احتفالاً بعيد الغطاس... بوتين يغطس في بحيرة متجمدة!	0	0
570	   🔳  🔲   تأهل المنتخب السعودي لكأس العالم خمس مرات عام 1994 في امريكا عام 1998 في فرنسا عام 2002 في كوريا واليابان عام 2006 في المانيا عام 2018 في روسيا . #حساب_رياضة_المظيلف	0	0
571	هيفتكروه هياخد رأى المدام بتاعتو...   #مرسي #مصر 2	0	1
572	المهم اني نزلت النهاردا وقبلت ناس زعلانه على ان مرسي كسب يا حرامي وخايف يا جاهل وبيسمع عوكاشه يا خايف على درينكز يا خايفه على بكيني	1	1
573	#مصر ام الدنيا خسرت خسارة كبيرة بخسارة الرئيس المنتخب #مرسي ...#الصهاينة وكلاب حراستهم اطاحوا به لأنه رفض الخيانة والعمالة	0	1
574	ما الذي حدث من تغيير حسني مبارك كان عنده بلطجيه ومرسي عنده ملشيات وفي كلا الحالتين تقول الداخليه اللي يتجوز امي اقوله يا ريس #مصر	1	1
575	#اجمل_مذيعة يتغزل بالمذيعات ويمدح جمالهم بعدين يدخل تاق ام نايف ويسبها ليه تغزل بالأجنبي!! من انتم بصوت القذافي😎	0	0
576	@ahmed__saeed   مراسل العربية القوات المسلحة تنفي انها ستلقي بيان الليلة قوم اتسحر انت وهو يا عم #السيسي_مجنون	1	1
577	#أردوغان: أود سؤال أمريكا التي تقول بأن عملية عفرين يجب أن تكون لمدة محددة، هل تحددت مدة بقائكم في أفغانستان؟ قبل وصولنا الحكم دخلتم العراق ومازلتم هناك - عبر نبض	1	0
578	#صور | وقفة نسائية نظمتها لجنة القوى الوطنية والإسلامية شرق غزة نصرة للقدس ورفضا لقرار ترامب في ميدان فلسطين (الساحة) صباح اليوم الخميس تصوير: Raed Abu Jarad	0	0
579	#السعودية  ميليشيا الحوثي تستحدث ٣٠مركز لتجنيد النساء والاطفال	0	0
580	"العوا يبرر للسيسي اكثر من امر...حتى انه يقول عنه ""محترم"".  #الانقلاب_العسكري #السيسي_قاتل #مصر"	1	1
581	#ليبيا عائلة الشهيد الصائم العقيد معمر القذافي : الدكتور سيف الاسلام معمر القذافي لا يملك اي حساب على مواقع...	0	0
582	الامير عبدالله بن سعد ينوي الترشح لرئاسة الاتحاد بعد خسارته في انتخابات مصر ✋😁	1	0
583	الحكم على الفنان الراحل محمود مرسي بالسجن لمدة خمس سنوات بتهمة تعذيب المسلمين الأوائل في فيلم فجر الاسلام !	1	1
584	#باسم_يوسف في اول حلقة بعد رجوعه من اجازته :)	1	0
585	بخصوص اخر رتويت .. الحين مراهقين مصر يطلعون يتظاهرون وهل بلطقيه يفسدون ونرسل هل مبلغ ﻻ وبدون فوائد ؟! هذا وجهي لين رجعت قروشنا..	0	1
586	#عباس_كامل عدم تعيين مدير أو حتي قائم بالأعمال من داخل الجهاز دليل علي أن إنعدام الثقة بين #السيسي و #المحابرات_العامه مما لا يدعوا مجالا للشك ان هناك صراع بين الاجهزه #مصر	0	0
587	القذافي: الاطاحــــة بنظامـــي مدعــــاة للضحـــك - فيديو	0	0
588	 اجل اسقطت ساركوزي 😂 😂 😂 😂	1	1
589	#مرسي تصبحوا علي خير #قلت_ادب و #عدم_احترام و   بالشعب #المصري	1	1
590	  .. السيسي يرسل طائرات الآباتشي لإرهاب الناس فيظنوها جاءت لتصويرهم ويلوحون لها .... شعب نسى طعم الخوف !...	0	1
591	نزل راسك تحت انت مصري ريسنا بيحلف كدب واسمه مرسي #مصر   #تحرير #اخبار_مصر	1	1
592	#ابوظبي.. بوتين صرح | انه يعلم جيدا من يقف وراء الهجوم ع قواعد بلاده مؤكد ان تركيا ليست ضليعة في الامر | معتبر الهجمات تهدف لتقويض علاقات بلاده مع شركائها وع راسها تركيا | واشار ان الطائرات مموهه لاظهارها انها صنعت يدويا . من له مصلحه ضرب علاقات تركيا بروسيا ..!؟	0	0
593	ابن مبارك بيتكلم عن الثوره   بديع ده	1	1
594	مرسى : هذه مياه النيل..هذه مياه النيل...هذه مياه النيل..هذه مياه النيل ...التي شربناها جميعاً   فى حد شمها...	1	1
595	لواء #شرطه يكشف محمد #مرسي اسمه الحركي ب #السجن فتحية #الرئيس   #مصر #رتويت: via @youtube	1	0
596	 توفيق #عكاشة ثورة 25 يناير سرقت شعار ثورتنا لكن مسير الحق يرجع لأصحابة عيش - حرية - عداله إجتماعيه #مصر #مرسي #ابوحامد	1	1
597	 😂 😂اغبياء شكل موزه عارضه جوعان على ساركوزي وتفل بوجهه	0	1
598	واحد في المترو حاطط خطاب السيسي رنة الموبايل #هع	1	1
599	عمرو اديب مدلع مرسى على الحوار	1	1
600	من يخرج ليسب و يشتم ذرية مبارك و يقتحم البرلمان يكافأ و من يخرج و يطلب حقه في العلاج و التعليم يضرب و يهان   #bedoon	1	1
601	الخطابة هيلاري تحضر لمؤتمر وزراء الخليج العرب وفي جعبتها عدد من النساء لعرضهن للزواج #في_بلادي #كذبة_ابريل #قمة_عربية     #q8 #KSA	1	0
602	@fadela1977):  #عيش_حرية_كرامة الرئيس محمد مرسي في رسالته : اعلموا أن الأمور تجري...	0	0
603	#كويتي | ترمب ردا على تهديدات كيم جونغ أون: لدي زر نووي «أكبر وأقوى» من زر زعيم كوريا الشمالية	1	0
604	أن ننتظر #فاروق_سلطان رئيس لجنة التوريث المعينة من مبارك لإعلان نتيجة انتخابات الرئاسة بعد الثورة هذه بحد ذاتها #مهزلة   #نكتة ...الخ	1	1
605	ما بق ناقص الا يتوسط بشار الاسد لاطلاق المخطوفين اللبنانيين	1	0
606	بشار الجعفري وبكل وقاحة يقول لنا تاكدوا من النص راجعوه! ! ليس هناك ادانة للنظام السوري   ضحكوا علينا ببيان! #سوريا #un	1	1
607	يسجن حسني مبارك في مصر ولا يسجن الجويهل بالكويت !!!!! #kuwait #q8 #حقيقه	1	1
608	#اتعلمت_من_يناير قبل 7 سنوات ، غص ميدان التحرير في قلب العاصمة المصرية القاهرة وعدد من الميادين في المدن الرئيسية بملايين المصريين الذين خرجوا لمواجهة استبداد نظام المخلوع حسني مبارك.	0	0
609	 #النظام_الإيراني..اتفاق سري مع أوباما يعرقل فرض عقوبات #سوريا #قطر #مصر	0	0
610	#Macron منذ أن فتحت عيناي على هذه الدنيا وفي هذه البلاد وأنا متأكد أنني أعيش بين الغالبية العظمى من الحركى وتأكدت قليلا يوم زيارة ساركوزي ثم تأكدت قليلا أخرى يوم زيارة هولاند ثم تأكدت جازما الآن أنني أعيش في بلد ضحى فب سبيل إستقلاله الأحرار وسكنه من بعدهم الحركى لعنة الله عليكم .	0	0
611	#صباح_العربية الالبوم لي روحي عني	0	0
612	التعليم والتعليم العالي من نصيب حزب النور ؟ ده على أي أساس ؟ إن العلم نور يعني ولا إيه مش فاهم ؟!!!! #مصر #مرسي #Egypt #Education	1	1
613	#مرسي طالع بكرة يقول خطاب ردا علي اثيوبيا ... ده بينلو هيبقي يوم زي العسل ^^ #الريس #كوميديا   #سد_النهضة #باسم_يوسف	1	1
614	يلي بيتجوز شرعي ما بطلق عرفي ؛) #مصر #مرسي	1	1
615	أسامة الشاذلي يكتب: أعظم انجازات الدكتور مرسي الفنية. #مصر #ثورة   #يحدث #الاخوان #سلفى #الجيش	0	1
616	شو هالخبر المزعج الحمدلله على سلامتك يا حبيبتي #هيلاري_كلنتون ما عليكي شر عقبااال نتنياهوا ان شاالله	1	0
617	وادى اليوم خلص ولا حصل اى حاجة بس سمعت ان مبارك مش عاوز يشوف مرسى و قفل بابه #سبق_سياسى	1	1
618	@Hazem_Hosny):  الخيانة --- لم يصارح #السيسى المصريين عند ترشحه أول مرة بأنه سيجيعهم...	1	0
619	أتوقع مع القطع المستمر للتيار الكهربى زيادة معدل الجرائم...مش بس بسبب الظلام..لكن بسبب الضغط العصبى اللى هنعانى منه...#مرسى...	1	1
620	أحلى حاجة أن الناس المرضيتش تنتخب أبو الفتوح عشان شاكين انه. لسا مٌنتمى للأخوان ، نزلو فى الأخر أنتخبوا مرشح ألأخوان نفسه #مصر#مرسى	1	1
621	منقول : بشار الأسد يصدر مرسوماً يقضي بتعيين #القرداحة محافظة حدودية مع #الأردن لمنع هروب المنشقين عبر #درعا ..! #سوريا	1	1
622	اتذكر ولد القذافي دفع فلوس عشان نادي إيطالي يحطة في الفريق ودفع ملايين وفِي الاخر مالعبوه ولا احتياطي قالوا له تبي تجيب الكور طيب	0	1
623	احنا اسعد حُب في هذا الزمان .. اهوا لي مرسى وأنا لجله وطن	0	1
624	شوفتونا وإحنا بنوجه الأزمه   #مرسى	1	1
625	"@husseinassi: ‏علي حمادة مبدع من #لبنان بات يحلل اوضاع #مصر ويسخر من #مرسي الذي كان فريقه بالامس مؤيدا له بوصفه يمثل الشرعية""..  """	1	1
626	احتراماً و تقديراً للرئيس الفرنسي السابق ساركوزي مابغلط على راعية السيليكون موزة المسند ولا انتم يا خنازير عزمي مالكم عندي إلا دعس كرامتكم إذا كان عندكم كراماً	0	1
627	#مرسي فكر يعمل ثوره ع الفلول والانحياز الكامل لمطالب الثوره. رد الشعب لا!!!	1	1
628	مبارك للشعب المصري مبارك!!! أنا قلت كده برضو ده شعب مايجيش الا بمبارك :/   #غثيان	1	1
629	News1- التجاذب الأميركي - الروسي في زمن بوتين وترامب بقلم: د. خطار أبودياب	0	0
630	الحرية والعدالة يحمل المعارضة مسئولية حكم إخلاء سبيل #مبارك . #lol   #ثورة #سلفى #الاخوان #مرسى #حرية #مكملين	1	1
631	#مرسى يقول لجريدة امريكية أنا أشوف الي ما يشوفونه المصريين!! هههههه وين سمعت هالجملة من قبل؟ #Baharin #دستور_الاخوان #دستور_باطل	1	1
632	#حلايب_سودانية إذا صدقنا إفتراء إعلام السيسي ان زيارة أردوغان سبب قلقهم على الأمن القومي العربي الذي لا يهم السيسي إلا بقدر ما يدخله في جيبه من رز حسب ما ذكره بنفسه في تسريبات مكالماته مع مدير مكتبه فلماذا هاجمونا في زيارة الشيخة موزة؟كيف هددت الشيخة موزة الامن القومي العربي؟؟	0	0
633	#سكاي_أخبار— عائلة القذافي تنفي ان يكون لسيف الإسلام اي حساب على مواقع التواصل الاجتماعي وتحذر من التعامل معها.   #سكاي_نيوز_الليبية #ليبيا	0	0
634	  هل تعلم ان امير المؤمنين محمد بن مرسى اثناء اعتقاله فى العصر البائد .. ادخل عليه زبانية امن...	1	0
635	#شهادتناxبكالوريوسxومتوظفين1 هذي اخرتها بصوت القذافي .	0	0
636	لم يتبقى سوى أن يتحمل #مرسي مسؤولية خسارة #حمدين_صباحي في الانتخابات الرئاسية :P #مصر #إخوان_مسلمين   #إضرب_يا_مرسي	1	1
637	#سرايا_السلام بالتنسيق مع القوات الأمنية تقتل إنتحارياً من داعش شرقي #سامراء_المقدسة	0	0
638	مرسى الكوميدى يطلع فى خطابة يشيد باقتصاد مصر وبقوته وتانى يوم الدولار سعره يطير امام الجنيه - ( انهيار للجنيه) ..   #مصر	1	1
639	#صحيفة_صقور_العرب #Bahrain #البحرين #UAE #السعودية #الامارات قصة اختفاء موسى الصدر… الخميني رتب مع العقيد القذافي للخلاص منه.	0	0
640	اي #خليجي في #مصر يبقي #سعودي ... المصري في #السعوديه اجنبي. هههههه   القدر	1	1
641	 #مرسي بقي متهزق من العالم كله مش بس إعلام الفلول	1	1
642	بيقولك تم الزواج تحت ولايه مرسي ولم يقولو تم الزواج علي مذهب ابي حنيفه بل تحت ولايه مرسي اخراشي دين الاخوان دين ايش خيال ياناس	1	1
643	#تركيا في مأزق بسبب #إيران .. و #أردوغان يبحث عن مخرج..	0	0
644	#ترامب ورغم ذلك فاز بالرئاسة حسب الأرقام الرسمية المعلنة تفوقت كلينتون على ترامب بفارق ثلاثة ملايين صوت ولكنه حصل على أكثرية أصوات المجمع الانتخابي الذي يُحتسب بناء على الوزن الذي تشكله كل ولاية وليس على عدد الأصوات	0	0
645	وانا مش اخوان على فكرة ;) #مصر #الجزيرة #العربية #رصد #اخوان #مرسى #ماء #هع   #الحرية_والعدالة #اون_تى_فى #Egypt	1	1
646	@Arab_RT: لا تستغربون من ترشيح سعد الصغير للرئاسة في مصر مادام الجويهل ونبيل الفضل وصلو مجلس الأمه !”   #قمة الانحطاط	1	1
647	#يناير_حلم_ومكملينه ثورة حق ثورة عدل ثورة شعب لن يهزم الحق و العدل و الشعب مكملين الى محاكمة الخونة و اعادة الشرعية د. مرسي رئيسي به افتخر	0	0
648	#حكايه_وطن......وعزيمة شعب وبطولة وشجاعة قائد كلها أدت إلي حكاية المصريين وقائدهم التي يتحاكي عنها العالم......برافو يامصريين ابهرتم العالم وشرفتم السيسي ويستحق ......⁦🇪🇬⁩ السيسي⁦🇪🇬⁩ حدوتة مصرية وعزيمة فرعونية⁦🇪🇬⁩	0	0
649	Flash – غوتيريش يدافع عن الاتفاق النووي مع ايران بعد مطالبة ترامب بتعديله	0	0
650	#عاجل : أردوغان ليس لتركيا أي مطمع في أي دولة و ندعو الى وحدة الأراضي السورية	0	0
651	العراااااااااافة ياريس   #محرر_القدس #مرسي_الثالث طويل العمر يقصف عمره وينصرنا على مين يناصره.	1	1
652	#ThankYouJimin انا بعد م شفت الهاشتاق رحت ركض لامي اعطيها هق قلتلها حاسه انش تبين هق . خواتي يطالعوني وامي جامدة م استوعبت بعدها بكم ثانية  امي : وش حركات الكوريين ذي 😂 انا : حسو فيني شوي ياخي م تحسون  😭 خلاص بكرة بسافر كوريا  امي : اي قولي كذا من البداية  😕	0	0
653	#مرسي ينزل يسوق الاوتوبيس بتاع المدارس عشان ياخد باله ويحط الفاشل #عمرو_أديب رئيس عشان نشوف هيعمل ايه المغفل   #مصر	1	1
654	خيرت الشاطر ومهدي عاكف متهمين بالتحريض على قتل متظاهريبن !؟ شو اخبار مبارك وشلة الأنس، براءة ولا لسه ؟! عجبي !! #مصر	1	1
655	"معقووووووووول حسني مبارك علي كل الي سواه بريئ!!!!!!!!! عيل لازم مرسي بعد بريئ..""القضاء المصري بصرااااحه نزيه!!! والله  ^-^"	1	1
656	أخر كلام فى موضوع الاستفتاء على مرحلتين ولا #مرسى رجع فى كلامة؟	1	1
657	احتفالاً بعيد الغطاس… بوتين يغطس في بحيرة متجمدة!     بكبسة زر للاشتراك عبر الواتساب...	0	0
658	#قول_نكته_عن_قبيلتك في واحد روسي اسمه بوتين خاوا له عتيبي صار بوت واحد	0	0
659	هع هع هع مبارك يطالب الداخلية بحضوره جنازة عمر سليمان	1	1
660	انتخب مرسي وخد عليه الشاطر هدية قرب قرب قرب #ﺳﺨﺮﻳﺔ	1	1
661	وزير الدفاع العماد الفريج تلقى أوامر من بشار بالتدخل المباشر لصالح مصر في حال اقدم اسرائيل على اي اعتداء على مصر!  @MahmoudZaibak	0	0
662	الفرق بين #مرسي و #السيسي زي الفرق بين القرص المدمج و القرص ابو عجوة . خخخخخخخخخخخخخخ احا بجد	1	1
663	#القرأن . #صدام_حسين قام بعملية #الانفال باسم ومضمون #سورة_الانفال .الان جاء دور ديكتاتور ثاني حتى يذبح و يقتل #الاكراد باسم #سورة_الفتح .لكن #عفرين سيقرأ #سورة_الفاتحة على سياسات اردوغان الدموية.	1	0
664	#بيتكوين والخسائر 35 مليار دولار #كوريا_الشمالية	0	0
665	#سامي_عنان بعد التحيه ونارجو من الله سلامتك يالله تقبل دعاء بعد هذا الذى حصل معك نستغفار الله للدكتور مرسى رئيس مصر... ونحن معاه على قرار انهاء خدمتك وكان هذا القرار خطأ وخطيئه فى حق الفريق سامى عنان فقط ولكن طنطاوى ربنا يطول عمره ويفقره ويشاله المشير الأنقلابى معاه والذين معهم.	0	0
666	#علاء_صادق .. نموذج لخروف عتيق .. #مصر #الجزيرة #العربية #رصد #اخوان   #مرسى #السلفيين #اسرائيل #Egypt #ikhwan #RT	1	0
667	اتق الله يارجل هل دين الله يدعوا للارهاب داعش وغيرها خرجت من مناهج فقهيه باسم الاسلام وهو منها برئ ولانه سيبقى كالشمس فهاهي الشمس تشرق في مهبط الوحي من جديد بدين الله الحق	0	0
668	#ترامب يتباهى بنفسه غداة صدور كتاب يشكك في قواه العقلية  #حماك	0	0
669	ردود افعال اثيوبية عنيفة تعقيباً على الحوار الوطنى: via @youtube   ايمن نور #مرسي #الأخوان #غباء #جهل #تخلف هههه	1	1
670	ياريت الولية بتاعت مصر بتتحراااااق .. تعمل مداخلة النهاردة مع باسم يوسف وخيرى رمضان	1	1
671	#PapyrusJournal: بعد لقاء منفرد.. « #السيسي » يؤكد التزام #مصر بالتعاون مع #إثيوبيا بما يحقق مصلحة البلدين	0	0
672	"الدايلي ميل” تفجر حقائق صادمة.. ترامب وافق على تعذيب الأمراء السعوديين 0 0
الرئيس السيسي "" يكلف اللواء ""عباس كامل ""بتسيير أعمال جهاز المخابرات العامة - شبكة اللواء الاخبارية"	0	0
673	#هييه_الامر_بالمعروف كلموا إيفنكا ترامب	1	0
674	#Tarek_Kabil مباحثات الرئيس #السيسى ورئيس وزراء اثيوبيا قد تناولت ايضا مناقشة مقترح إنشاء منطقة صناعية مصرية في إثيوبيا بهدف جذب مزيد من الاستثمارات المصرية في قطاعات متعددة بالسوق الإثيوبية	0	0
675	Flash – كوريا الشمالية تعتزم تطوير ترسانة نووية حقيقية (سي اي ايه)	0	0
676	" سنوقف تسليح الجماعات المسلحة في سوريا حال محاربتهم غير ""داعش"""	0	0
677	@Youssefalhosiny خبر #قطر تطلب من مصر تهيئة الظروف لاستقبال استثمارات ضخمة .. مش فاهم يعني #مصر تلبس بيبي دول وتنيم العيال يـ   القدر	1	1
678	ويحمل شهر يونيو نكسة جديدة لمصر ... #محاكمة_مبارك	0	0
679	اللي صج لاعب بمصر لعب محمد مرسي	1	1
680	٢٥ الف مقاتل سوري تركوا وطنهم والدفاع عن أعراضهم اللي دعسها بشار النعجه وصاروا مرتزقة تحت أمر خليفة الشواذ العلج اردوغان ، باعوا وطنهم ، ومن ثم يتباكون على أزمة بلادهم . #غصن_الزيتون #عفرين #تركيا #سوريا #عفرین_تنها_نیست #عفرین_الكوردیة  #Afrin	0	0
681	على الاقل ما قدروا يحكمون على علاء و جمال مبارك بتهمة سرقة أموال الشعب؟ اقل شي؟ يعني أموال الشعب المصري سرقها الجن الأزرق؟	1	1
682	العاهل الأردني: #الإخوان طائفة ماسونية شريرة..و #مرسي «سطحي» وشريره الله #الاردن عندهم عكاشه زيينا	1	1
683	@myalami عجبني إنه #اوباما طنقر لانه #بوتين أنفرندد هبم عالفايسبوك راح و عمل أنفولو لبوتين ع التويتر هههههه زعماء دول عظام...	1	0
684	#بوتين يغوص في المياه الجليدية لمناسبة عيد الغطاس الأرثوذكسي (صور)	0	0
685	… عمر اديب بيعلق ع كتاب انجازات مرسي ....	0	0
686	من صفات جرائم #السيسي المفتعلة إن عدد القتلى بيكون أكتر من عدد الجرحى   #العريش #سيناء #مصر #لول	1	0
687	.مرسي هو اول رئيس يعض سنة و 48 ساعة	1	1
688	لما بشوف حد من الإخوان بعد حلقة باسم يوسف بقوله ياسلام علي الحلو لما تبهدله الأيام #الناظر   بجد	1	1
689	@wameeth_kassab @kasimf والنكتة وين؟ أنو من سنة وقبل صدور نتائج الإنتخابات في #مصر كانت كوندوليزا عم تهنّي مرسي! سبحان الله	1	1
690	اييه اليع ده !!   #باسم_يوسف	1	1
691	#محمد_بن_زايد عجيب امرهم من تآمر وقت غزو #الكويت وتآمر مع صدام من تآمر مع القذافي على اغتيال الملك عبدالله من مول الاخوان الارهابيه من شتم وتطاول وتآمر على كل رموز الخليح انهم #الحمدين و #قطر	0	0
692	 #ترامب.. رئيس أخرق مرفوض داخليا وممقوت عالميا  #تونس #الرأي_التونسي #السبسي #الغنوشي #يوسف_الشاهد #صفاقس #سوسة #القصرين #النهضة #ملفات_الفساد #قانون_المصالحة #المرزوقي #ترويكا #بن_علي	1	0
693	BBC Arabic - بوتين يغوص في بحيرة متجمدة	0	0
694	"#سوتشي حين يدعو بوتين لعقد مؤتمر ""شعوب سورية "" فعلى اي اساس يستثني من الدعوة كل من يطالب برحيل الاسد ؟ مؤتمر سوتشي اسمه مؤتمر شعوب الاسد . وليس شعوب سورية"	1	0
695	. .  للقبُوروماتحوِي من أجسادوأرواح تحبّناونُحبها سَلام الله ورضوانه إلى يومِ يبعثون اللهم ياجابر الخواطرأجبركل قلب يبكي فقداً ويتألم قلبه حنيناً لميت اللهم ارحم أمواتنا وأموات المسلمين   #غرد_بالخير_للشهداء	0	0
696	طيب انا بقى هاجى اخطف ولادك..واغمى عيونهم..واركعهم عاﻷرض..واعملهم فيديو الحقنى يابابا..وبعدين اسيبهم لك...وتشكرنى بقى وكده...#مرسى..	1	1
697	#أردوغان: لا أحد يعلم أي المدن الأوروبية أو الأمريكية ستضربها غدًا الصواريخ التي استهدفت مدينة الريحانية التركية بالأمس  #تلسكوب_نيوز	0	0
698	… محمود سعد هههههههه   من 3:05 كلامه صح وربنا احنا نرجع مبارك ونعمل انتخابات تانى حسب كلام الكلب محمود شعبان #مصر	1	1
699	انا مع الديكتاتورية في بلدي .. لكن ضد الديكتاتورية في بلد جاري ... #ههههه   #مرسي #مصر #سوريا	1	1
700	عاجل| سجن طره| حسنى مبارك يقود مظاهرة بطره و يهتف لا لأخونة طره. #مصر #كوميديا	1	1
701	"الزعبي بينصح أردوغان بوقف ""همجية"" الماء والقنابل المسيلة واستبدالها بأساليب أكثر ""رقي"" القنابل المتفجرة والقنص والاعدام الميداني"	1	0
702	ردا على طلب أوباما للحكومة الإيرانية بضرورة إرجاع الطيارة التي تم إسقاطها الأخ على باله شاگح كرة .. هاذي طيارة تجسس يا سيادة الرئيس	1	1
703	"#حزب_الله والجماعات الوكيلة... وتبقى إيران و«حزب الله» التهديد الإرهابي المستمر لمصالح الولايات المتحدة والشركاء في جميع أنحاء العالم"" بالعودة لتحقيق وزارة العدل الأمريكية بشأن حماية إدارة #أوباما لحزب الله من أجل #الاتفاق_النووي_الايراني"	0	0
704	أكبردليل على زيادة شعبية #الرئيس_مرسي ان اتنين من رجالته استقالوا أحمد مكى وجادالله..أومال لو كانت شعبيتك قلت كان ايه اللى حصل؟؟#عبث	1	1
705	 من أنتم ؟   كلمة للعقيد معمر القذافي ، لو لم يقل غيرها لكفته. سخافة الحاضر تجعلنا نستذكر كلام الطغاة. من أنتم ؟!	0	0
706	@DSarabic):  #عاجل #أردوغان: أمريكا تقول إن على عملية غصن الزيتون أن تكون محددة،...	0	0
707	"#الهواجر_يصفعون_تنظيم_الحمدين بتعليمات الشيخة موزة.. القوات التركية تقتحم قصر الأخ غير الشقيق لـ "" تميم "" #قطر #السعودية"	0	0
708	احلى حاجة ان يبقى فى فيديو نازل بيوصف محمد مرسى فى الاستبن و تلاقى واحد فى التعليقات كاتبلك فوايد الاستبن :D:D	1	1
709	بما أن مرشحين الرئاسه مرسي وشفيق أعلنا فوزهما .. ففي هذه الحاله يتم اللجوء لضربات الجزاء وشكرا	1	1
710	بتوع #مجلس_الشوري المنحل اجتمعوا في مسجد رابعة العدوية وقال ايه عزلوا #السيسي :D	1	1
711	#البنتاغون حول احتمال وقف الدعم عن #الأكراد في حال انتقالهم الى #عفرين: لا نتسامح مع استخدام السلاح الذي يوفره التحالف لغايات غير إلحاق الهزيمة ب #داعش...و في حال خرق اي مجموعة هذا الاتفاق سنقطع عنها المعدات العسكرية... و نواصل دعم #تركيا لمواجهة تهديدات #PKK	0	0
712	#تركيا سيدفعون ثمنًا باهظًا	0	0
713	"BBC Arabic - طبيب ترامب: جينات الرئيس ""استثنائية"""	0	0
714	السؤال الذي يطرح نفسه : هل يستطيع نادي النصر السعودي احراز بطولة قبل انتهاء فترة الرئيس الجديد للجمهورية المصريه؟  #مرسي#السعودية#مصر.	1	1
715	"أوباما عربى على ""تويتر"" : ميشيل نائمة لعن الله من أيقظها. #مصر #عبث   #حقيقة | حقوق دوت كوم: عبر @hoqookdotcom"	1	0
716	… بوتين : الجماعات المسلحة السورية فاجأت قواتنا بطائراتهم بدون طيار	0	0
717	"#عفرين بآخر جيش مسلم.!!! وامس في صلاة الفجر بتركيا الاوامر للأئمة بقراءة"" انا فتحنا لك فتحاً مبينا"".! اردوغان لقى له جهلة وصدقوه.؟"	0	0
718	#ايطاليا , قلبي المصخرجي لا يتحمل .. #أربعة ههههه!!  , بس كيف تعادلنا بدور المجموعات مش عارف !!! حبوب هلوسة بجوز,عقولت المرحوم القذافي	1	1
719	كله يرفع أيده فوق هههههههههههههههههههههههههههههههههههههههه #مرسي	1	1
720	 موجودة في المحاكم الدولية لكنك ضايع والشرف من بين رجولكم مر ، رح انشغل في عيوبك وافتك منها يا رخمة وبعدين ارجع اشتم واقذف وثرثر	0	0
721	"#بوتين،جيش الاحتلال الأميركي ينشىء قوة من 30ألف مرتزق كردي وعربي معظمهم من عملاءCIA في""وحدات حماية الشعب""،للانتشار على طول نهر الفرات و فصل منطقة""الجزيرة""عن سوريا والسيطرة على الحدود الحدود العراقية ـ السورية"	0	0
722	"  الشبيحة ينشدون """"يا أوباما ويا عاهر .. لسا ماعصب ماهر"""""	0	0
723	الإخوان والنور: سنشارك في جنازة «سليمان» لأنه موقف إنساني، يلعن أبو السياسة، ناقص #مرسي يزور قبر عبد الناصر في ذكرى انقلاب 23 يوليو!  !	1	1
724	#كرة_اليد :  السعودية تؤكد احقيتها بالتأهل للمونديل و تهزم صاحبة الارض كوريا الجنوبية 26-23 متصدرة المجموعة الاولى في انتظار تحديد خصمها في نصف النهائي	0	0
725	#مينفعش_تترشح_عشان فى رئيس منتخب مخطوف #مرسي_رئيسنا_البطل #ومخطوفه بلادنا معاه	0	0
726	#عاجل #أردوغان: أمريكا تقول إن على عملية غصن الزيتون أن تكون محددة، هل خرجتم من العراق؟، عقب انتهاء العملية لن يكون لنا عمل هناك، هدفنا فقط القضاء على الإرهابيين	0	0
727	بيوقلك الصعايدة نجحوا #مرسي علشان يالناس تطلع عليه نكت بدالهم	1	1
728	ياخراشي علي مخ الخرفان حتي لما بيطلعو اشاعه بيطلعوها هابله زيهم بيقولك جبهه الانقاذ لانقاذ الحزب الوطني كانت تخطط لخطف مرسي نيههااا	1	1
729	#بوتين قادر على فعل كثير لحل قضية كوريا الشمالية	0	0
730	 هي المحاماة في فرنسا لمّت للدرجة دي؟!  😀	1	1
731	#انا_ادعم_السيسي مساء الفل #حكايه_وطن #الانتخابات_الرئاسية	0	0
732	  اردوغان يريد ان يصلي في الجامع الاموي قبل كأس العرق ولا بعدو؟	1	0
733	"#ترامب عبر تويتر: ""كيم جونغ اون يقول انه لديه زر على مكتبه لإطلاق صاروخ نووي، فليخبره…"	0	0
734	المطارات الأجنبية تستقبلنا و المطارات العربية تطردنا !! #مهزلة   ( عار عليكم يا عرب ) #Arabspring #Bahrain #Egypt #مصر #مرسي #الخواجة	1	1
735	"بجاتو : أقسم بالله ""مرسى"" هو الفائز بإنتخابات الرئاسة هههههههههههههههه"	1	1
736	"المضحك المبكي ان ""شيخ ""الازهر حرم التظاهر على مبارك وحلله على مرسي وايد مبارك ودعم شفيق وبيحسب نفسو ثائر..."	1	1
737	"1- لأننا نعيش على حافة ""الإنقراض الحضاري"" و لأننا لم نحقق بعد ""إستقلالنا التاريخي"" ، سنظلّ نعيش على وهم مخلّص جديد سواء كان مغوليًّا أو صفويًّا أو روسيًّا أو عربيًّا ، سنبقى ننتظر مكرمة الملك سلمان ، و منّة القيصر بوتين ، و بركات الملالي خامنئي ، و فضائل السلطان أردوغان."	0	0
738	#الإمارات دون دليل ⭕ تورط أمراء سعوديين في فضيحة فساد بشركة ماليزية 🚫  انديك: ترامب تخلى عن رواية #السعودية والإمارات بشأن #قطر ✅ وزراء ومسؤولون يخوضون تجربة التدريس لطلاب الإعدادي ⬅️ تصفح الشرق PDF اليوم:	0	0
739	#بوتين يستعرض قدراته الجسدية مجدداً ويغوص في مياه بحيرة متجمدة  الرابط البديل:	0	0
740	#السفارة_الأمريكية إلى القدس خلال عام	0	0
741	#محمد_بن_سلمان #ولي_العهد #عاجل #تنظيم_الحمدين #تميم #الجزيرة #الامارات #قطر 🚩من روائع سياسة تنظيم الحمدين (حمد بن خليفه ينسج خيوط التامر لمعمر القذافي ومعمر يسرب الشريط للملك عبدالله رغم كل الخلافات)	0	0
742	"@RTTGREEN الحكومة المصرية الإنقلابية المؤقته تتحدث عن مصالحة وطنية شاملة لا تٌقصي أحداً، بينما يستمر احتجاز الرئيس الشرعي ""مرسي""  !!!"	1	1
743	#عملنا_الثورة_عشان قبل 7 سنوات غص ميدان التحرير في قلب القاهرة بملايين المصريين الذين خرجوا لمواجهة استبداد نظام المخلوع حسني مبارك.	0	0
744	ههههههههههه النشيد فى بدايتة حسسنى ان #الحرب قامت وبعدين قلب ردح لـ #مرسى ولـ #حزب_الكنبة ...	1	1
745	#سامي_عنان . تحصلونه الان يشرب نسكافيه مع الرئيس السابق حسني مبارك والمخلوع محمد مرسي . .	0	0
746	"#السيسي ينتظر قرار من أوباما ويعلم جيدا انه تجاوز كل الحدود في تنفيذه للخطة الموضوعة وكشف نفسه ومؤيدي الانقلاب أمام العالم  """	0	0
747	#عيش_حرية_كرامة لا عنان ولا السيسى مرسى رئيسى	0	0
748	بيقولك النائب العام يحيل باسم يوسف لنيابة امن الدولة بتهمة نشر أخبار كاذبة...!! #عبث   !!	1	1
749	"#داعش"" الإرهابي كفاح بشير حسين واثنين آخرين موجودين على لائحة ""النشرة الحمراء"" وحبس 13 منهم   توقيف 14عنصر بينهم أحدقيادي داعش كفاح بشير حسين"	0	0
750	#إيران تسرق أفكار السيسي :) #حكايه_وطن	1	0
751	  #التليفزيون #المصري كاتب #الرئيس موسى مش مرسي !!! #قالك الرئيس موسى يدلي بصوته في الاستفتاء …	0	0
752	-«ترامب» ينفي نقل السفارة الأمريكية إلى القدس خلال عام	0	0
753	@NabdApp  نفس نغمة #أوباما و #هيلاري القذرة مفيش فايدة في قذارة أمريكا #قرف	0	1
754	وقع يا ابن الكلب [حسني مبارك يطلب من الرمز الاسطورة ياسر عرفات التوقيع على تعريصة أوسلو]	1	1
755	"#218TV كوريا الشمالية تلوّح لأمريكا بـ""النووي"" لإحباط أي هجوم #أخبار #العالم @218news"	0	0
756	#تجار_الدين للي يدفع أكثر، لا مبدأ عندهم ولا بطيخ.. تذكرون كيف مدحوا سابقاً القذافي والأسد وحسني وغيرهم ثم كفروهم وحرضوا عليهم وأباحوا دماءهم	0	0
757	"▶️ ترامب يسخر من الزعيم الكوري الشمالي: لدي زر نووي ""أكبر وأقوى"" من زر كيم جونغ أون"	1	0
758	الشعب المصري محكوم بين مبارك و الاخوان هذا قدره هههههه .. هرب من مبارك طلعوله الاخوان , هرب من الاخوان طلعلن مبارك .. #مصر	0	1
759	#المخابرات من التسريبات راح ممسكها ل #عباس_كامل	0	1
760	"لقد نجح محمد مرسى فى ما لم ينجح فيه جمال عبد الناصر والسادات ومبارك وهو ""القضاء على الاخوان"" #حقيقة"	1	1
761	التلفزيون السوري يفضح نفسه ويبث صلاة العيد في هذه الساعة بحضور بشار الأسد وهذا يشير إلى أنها مسجلة وأخطأوا في توقيت البث	1	0
762	#السعودية تفوز على #كوريا 26-23 وتتصدر المجموعة الاولي وكوريا ثانيا فى نهاية الدور الرئيسي | #البطولة_الآسيوية_ال18_لليد	0	0
763	هو كل واحد نفسه يعمل حاجة بيعملها من غير ما يقول للناس اللى فوقيه؟ هى البلد دى مالهاش صاحب ؟#مبادرة_السيسى	1	1
764	#مرسي كلام هزلى ساخر مش أكتر	1	1
765	"المنحل يقرر من ""رابعة"":عزل ""#السيسي""! بتوع مجلس الشوري المنحل اجتمعوا في مسجد رابعة العدوية وقال ايه عزلوا السيسي :D"	1	1
766	(2) أنتشار داعش وأخواتها الأرهابية (في المناطق التي قيل عنها محررة..!!) هي أحد سيناريوهات آل سعود وعيال زايد في اليمن..!!	0	0
767	"Hamze_Tekin الطيب أردوغان الآن :""أمريكا تطالبنا بتحديد مدة عملية غصن الزيتون... آآآي أمريكا أنت في أفغانستان..."	0	0
768	بيقولك ان اللي استقبل البتاع بتاعنا اللي اسمه #مرسي ف البرازيل وكيل وزارة . يعني حتى ماحصلش وزير	1	1
769	#الجيش_الحر سوف يتلقى قريبا الخازوق #التركي على اصوله بعد انتهاء المهمات الموكلة لهم وسوف يبيعهم اردوغان لبشار الزبالة ب إيعاز من #بوتين وروحاني	0	0
770	انا كنت فاكر ان المصري رخيص فى عهد مبارك .. منهم لله طلع مخلوع و مظلوم .. احنا اللى عجبنا وضع العبيد #المخلوع #فلول #كاذبون   #تيت	1	1
771	مرسي رجع 2/3 البرلمان و أول الردود المؤيدة كانت العسكر والخارجية الامريكية .أكيد الراجل ده أخذ القرار لوحده و كمان بالعند في العسكر.	1	1
772	@Badermasakerلم يوصل مانحذرمنه لولي العهد محمد بن سلمان هناك موامره خطيره من موظفين ابتدا بمسك وكلية الامير محمد بن سلمان لوبي احفاد حميدالدين الحوثي وانمار فتح الدين كانوا طلاب هيلاري كلينتون للفوضى الخلاقه ببلادنا من فصل الحجاز #هوية_الحجاز	0	0
773	رد الناس الي استنت لقاء #مرسي في الشغل النهارده   :D	1	1
774	ههههههههههه اماني الخياط بتقولك خطاب مرسي سيذاع الساعه ٨ او ممكن يتذاع الساعه ٢صباحا عادي ههههههههههه	1	1
775	#ترامب مو ممتازة ماكان رجل اعمال ناجح وملياردير  #أمريكا #البيت_الأبيض	0	0
776	3/ ⭕سفير فلسطين لدى روسيا عبد الحفيظ نوفل: الرئيس عباس سيلتقي نطيره الروسي بوتين، بين 12 و14 من الشهر المقبل، في زيارة للبحث عن بدائل لإنشاء آلية دولية واضحة المعالم لدراسة الوسائل الكفيلة لدفع عملية السلام من خلال مرجعية جديدة.	0	0
777	#السيسى رئيس الجمهوريه يصدر قراراً بتكليف مدير مكتبه اللواء / عباس كامل بتسيير أعمال جهاز المخابرات العامة لحين تعيين رئيساً جديداً للجهاز #حكايه_وطن #النهار	0	0
778	 يابني هي ناقصه هطل اقعد صالب نفسي ابص على ٢٢ لاعب عاملين عقلهم بعقل كوره و بيجرو وراها لا وانت قاعد تتفرج عليهم يارااجل كبر مخك بصوت حسني مبارك	1	1
779	"#عكاشة ثورة 25 يناير سرقت شعار ثورتنا لكن مسير الحق يرجع لأصحابة "" عيش - حرية - عداله إجتماعيه ههههه #مصر #مرسي #ابوحامد"	1	1
780	 الحدث اللي بالصورة كان اجتماع مع جاك شيراك في باريس خصوصا هذه الفترة بوتين كان يعمل في الاستخبارات الروسية شكو بوتين بالموضوع؟	0	0
781	اعتقد ان الاخوان لو سمعوا حوار مرسى قبل الاعادة كانوا رشحوا شفيق	1	1
782	#القذافي مدبر محاولة الاغتيال الفاشلة للملك عبدالله رحمه الله ، انه الفجور في الخصومة ، اهدي هذا المقطع من انتاج #العربية لمن يملك ذاكرة الذبابة	0	0
783	(( هــي ناقصة )) مصر ياشيخ العريفي..!! #بوح	0	1
784	يا عسل #مرسى #خطاب   xD	1	1
785	@Sandy_Madridsta حرباية هالاتراك كل يوم بلون .. ما تستغربي بعد فترة يحاولو يصالحو بس فشرو..بفكرو اردوغان بدو يرجع امجاد العثمانيين..	1	0
786	يا بية ما لو كل واحد هيتحبس عشان اتعملة منشن البلد كلها هتبات في السجن XD   مرسي والنائب العام	1	1
787	#مصر لن تنقسم أبداً إلى عدة دول.. إذا كانت مش عارفة تبقى دولة واحدة	1	0
788	اثبتت قناة @AJArabic وداعميها ان دم الكردي السوري رخيص عندهم طالما القاتل اردوغان ودم ميليشيات الحوثي الارهابية الصفوية غالية عليهم طالما الداعم لهم الصفوي ألايراني .	0	0
789	ياريس عايزينك تلبس لا مؤاخذه الأندروير فوق البنطلون وتطير تطييير...وتفشخ الأشرار   #سوبر_مرسي	1	1
790	#مانشيت ،، اضحك علي النظام وشوف الاخبار علي النت . #مصر	1	1
791	#صباح_العربيه بس للتذكير ترا اكسو اول فرقه استفتحوا فيهم فقرة العربيه في كوريا وهاذي ثاني مقابله لهم ..لا بس حبيت اعلمكم عن كينغز الكيبوب  ❤ ❤.	0	0
792	كل ما أعدى فى الشوارع بلاقى مسيرات الجنائز اكترمن مسيرات ضدالإنقلاب الأيام دى الإقبال #تاريخى على #المقابر سعادتك   #سوداء #مريرة #مصر	1	1
793	حفل تخريج طيارين في السودان في هَذا اليَوم المٌبَارك اي مبَارك الله يهدِيك الناس طَارَت هههههههههههههههههههههه	1	0
794	#كونداليزا رايس منبهرة بذكاء كيم جونغ أون #rtarabic	0	0
795	 . . المستشار سعود القحطاني: ماعلمنا عن #الشيخة_موزة إلا أنها كريمة ابنة كرام ومن تطاول عليها بالسوء فهذا من سوء تربيته .. وان كان سعوديًا فهو تحت طائلة النظام. . . #قطر .	0	0
796	@Roo7Zain يمعود هذا سوا بلاوي خيانة أمانة بمبالغ تفوق ٣ ملايين وطلع بكفالة ٥٠٠ دينار (من چيس المعزب) #بربسة   #مصر #egypt	1	1
797	@putinarabia):  خلعت بعض الدول العربية ملابسها ، ودعت إسرائيل إلى الفراش ! خوفاً من #إيران !!	1	1
798	 ⭐️ #أعمال • كوريا الجنوبية تحظر استخدام حسابات بنكية مجهولة لتداول العملات الإلكترونية…	0	0
799	#الدسمة | #الرئيس_التركي #رجب_طيب_أردوغان: لن نتراجع عن عملية #عفرين ولدينا اتفاق مع #روسيا	0	0
800	الخناقه مستمره على الجزيره بين الفلول و بين شخص انتخب د.مرسي مش نازل معاهم في الليله و مصور الجزيره بيحاول يسكتهم !	0	1
801	New post: حارس والد زعيم كوريا الشمالية يكشف تفاصيل غريبة عن طفولة الزعيم الحالي “كيم جونغ أون”	0	0
802	اتذكر عندما قام د. مرسي بتغيير النائب العام وهذا كان أحد أهم مطالب الثورة والبداية الصحيحة لأي تطهير وضماناً لأي محاكمات عادلة لمجرمي عهد مبارك والمجلس العسكري .. اتذكر ان من قاموا برفض هذا القرار والتظاهر ضده هم أدعياء الزخم الثوري والمتلحفين بغطاء الثورة	0	0
803	#مداد_نيوز|| هل ستصل #قطر إلى نجل القذافي وتقتله؟	0	0
804	انا الوحيد اللى بعت لحسنى #مبارك انذار على يد محضر تهنئه بعيد ميلاده #نبيه_الوحش #المحور #ريهام_سعيد #عبيط	1	1
